C:\Users\cttc\Desktop\drive data\IMG\center_2019_09_25_07_46_50_902.jpg,C:\Users\cttc\Desktop\drive data\IMG\left_2019_09_25_07_46_50_902.jpg,C:\Users\cttc\Desktop\drive data\IMG\right_2019_09_25_07_46_50_902.jpg,0,0,0,1.084684E-05
C:\Users\cttc\Desktop\drive data\IMG\center_2019_09_25_07_46_51_023.jpg,C:\Users\cttc\Desktop\drive data\IMG\left_2019_09_25_07_46_51_023.jpg,C:\Users\cttc\Desktop\drive data\IMG\right_2019_09_25_07_46_51_023.jpg,0,0,0,2.751726E-06
C:\Users\cttc\Desktop\drive data\IMG\center_2019_09_25_07_46_51_145.jpg,C:\Users\cttc\Desktop\drive data\IMG\left_2019_09_25_07_46_51_145.jpg,C:\Users\cttc\Desktop\drive data\IMG\right_2019_09_25_07_46_51_145.jpg,0,0,0,1.762483E-06
C:\Users\cttc\Desktop\drive data\IMG\center_2019_09_25_07_46_51_267.jpg,C:\Users\cttc\Desktop\drive data\IMG\left_2019_09_25_07_46_51_267.jpg,C:\Users\cttc\Desktop\drive data\IMG\right_2019_09_25_07_46_51_267.jpg,0,0,0,2.742224E-06
C:\Users\cttc\Desktop\drive data\IMG\center_2019_09_25_07_46_51_386.jpg,C:\Users\cttc\Desktop\drive data\IMG\left_2019_09_25_07_46_51_386.jpg,C:\Users\cttc\Desktop\drive data\IMG\right_2019_09_25_07_46_51_386.jpg,0,0,0,4.899152E-06
C:\Users\cttc\Desktop\drive data\IMG\center_2019_09_25_07_46_51_510.jpg,C:\Users\cttc\Desktop\drive data\IMG\left_2019_09_25_07_46_51_510.jpg,C:\Users\cttc\Desktop\drive data\IMG\right_2019_09_25_07_46_51_510.jpg,0,0,0,5.615797E-07
C:\Users\cttc\Desktop\drive data\IMG\center_2019_09_25_07_46_51_632.jpg,C:\Users\cttc\Desktop\drive data\IMG\left_2019_09_25_07_46_51_632.jpg,C:\Users\cttc\Desktop\drive data\IMG\right_2019_09_25_07_46_51_632.jpg,0,0,0,9.18688E-06
C:\Users\cttc\Desktop\drive data\IMG\center_2019_09_25_07_46_51_752.jpg,C:\Users\cttc\Desktop\drive data\IMG\left_2019_09_25_07_46_51_752.jpg,C:\Users\cttc\Desktop\drive data\IMG\right_2019_09_25_07_46_51_752.jpg,0,0,0,1.603361E-05
C:\Users\cttc\Desktop\drive data\IMG\center_2019_09_25_07_46_51_877.jpg,C:\Users\cttc\Desktop\drive data\IMG\left_2019_09_25_07_46_51_877.jpg,C:\Users\cttc\Desktop\drive data\IMG\right_2019_09_25_07_46_51_877.jpg,0,0,0,1.553952E-06
C:\Users\cttc\Desktop\drive data\IMG\center_2019_09_25_07_46_52_001.jpg,C:\Users\cttc\Desktop\drive data\IMG\left_2019_09_25_07_46_52_001.jpg,C:\Users\cttc\Desktop\drive data\IMG\right_2019_09_25_07_46_52_001.jpg,0,0,0,3.591954E-06
C:\Users\cttc\Desktop\drive data\IMG\center_2019_09_25_07_46_52_119.jpg,C:\Users\cttc\Desktop\drive data\IMG\left_2019_09_25_07_46_52_119.jpg,C:\Users\cttc\Desktop\drive data\IMG\right_2019_09_25_07_46_52_119.jpg,0,0,0,1.516988E-05
C:\Users\cttc\Desktop\drive data\IMG\center_2019_09_25_07_46_52_246.jpg,C:\Users\cttc\Desktop\drive data\IMG\left_2019_09_25_07_46_52_246.jpg,C:\Users\cttc\Desktop\drive data\IMG\right_2019_09_25_07_46_52_246.jpg,0,0,0,1.549838E-05
C:\Users\cttc\Desktop\drive data\IMG\center_2019_09_25_07_46_52_362.jpg,C:\Users\cttc\Desktop\drive data\IMG\left_2019_09_25_07_46_52_362.jpg,C:\Users\cttc\Desktop\drive data\IMG\right_2019_09_25_07_46_52_362.jpg,0,0,0,4.007338E-06
C:\Users\cttc\Desktop\drive data\IMG\center_2019_09_25_07_46_52_488.jpg,C:\Users\cttc\Desktop\drive data\IMG\left_2019_09_25_07_46_52_488.jpg,C:\Users\cttc\Desktop\drive data\IMG\right_2019_09_25_07_46_52_488.jpg,0,0,0,9.846335E-06
C:\Users\cttc\Desktop\drive data\IMG\center_2019_09_25_07_46_52_611.jpg,C:\Users\cttc\Desktop\drive data\IMG\left_2019_09_25_07_46_52_611.jpg,C:\Users\cttc\Desktop\drive data\IMG\right_2019_09_25_07_46_52_611.jpg,0,0,0,1.357275E-05
C:\Users\cttc\Desktop\drive data\IMG\center_2019_09_25_07_46_52_735.jpg,C:\Users\cttc\Desktop\drive data\IMG\left_2019_09_25_07_46_52_735.jpg,C:\Users\cttc\Desktop\drive data\IMG\right_2019_09_25_07_46_52_735.jpg,0,0.1916604,0,0.1783031
C:\Users\cttc\Desktop\drive data\IMG\center_2019_09_25_07_46_52_866.jpg,C:\Users\cttc\Desktop\drive data\IMG\left_2019_09_25_07_46_52_866.jpg,C:\Users\cttc\Desktop\drive data\IMG\right_2019_09_25_07_46_52_866.jpg,0,0.181251,0,0.5780877
C:\Users\cttc\Desktop\drive data\IMG\center_2019_09_25_07_46_52_980.jpg,C:\Users\cttc\Desktop\drive data\IMG\left_2019_09_25_07_46_52_980.jpg,C:\Users\cttc\Desktop\drive data\IMG\right_2019_09_25_07_46_52_980.jpg,0,0,0,0.5693267
C:\Users\cttc\Desktop\drive data\IMG\center_2019_09_25_07_46_53_104.jpg,C:\Users\cttc\Desktop\drive data\IMG\left_2019_09_25_07_46_53_104.jpg,C:\Users\cttc\Desktop\drive data\IMG\right_2019_09_25_07_46_53_104.jpg,0,0.3683103,0,0.951891
C:\Users\cttc\Desktop\drive data\IMG\center_2019_09_25_07_46_53_223.jpg,C:\Users\cttc\Desktop\drive data\IMG\left_2019_09_25_07_46_53_223.jpg,C:\Users\cttc\Desktop\drive data\IMG\right_2019_09_25_07_46_53_223.jpg,0,0.7312212,0,1.853912
C:\Users\cttc\Desktop\drive data\IMG\center_2019_09_25_07_46_53_343.jpg,C:\Users\cttc\Desktop\drive data\IMG\left_2019_09_25_07_46_53_343.jpg,C:\Users\cttc\Desktop\drive data\IMG\right_2019_09_25_07_46_53_343.jpg,0,0.7347051,0,3.049758
C:\Users\cttc\Desktop\drive data\IMG\center_2019_09_25_07_46_53_468.jpg,C:\Users\cttc\Desktop\drive data\IMG\left_2019_09_25_07_46_53_468.jpg,C:\Users\cttc\Desktop\drive data\IMG\right_2019_09_25_07_46_53_468.jpg,0,0.7257302,0,3.929102
C:\Users\cttc\Desktop\drive data\IMG\center_2019_09_25_07_46_53_597.jpg,C:\Users\cttc\Desktop\drive data\IMG\left_2019_09_25_07_46_53_597.jpg,C:\Users\cttc\Desktop\drive data\IMG\right_2019_09_25_07_46_53_597.jpg,0,1,0,5.464744
C:\Users\cttc\Desktop\drive data\IMG\center_2019_09_25_07_46_53_724.jpg,C:\Users\cttc\Desktop\drive data\IMG\left_2019_09_25_07_46_53_724.jpg,C:\Users\cttc\Desktop\drive data\IMG\right_2019_09_25_07_46_53_724.jpg,0,1,0,6.845272
C:\Users\cttc\Desktop\drive data\IMG\center_2019_09_25_07_46_53_851.jpg,C:\Users\cttc\Desktop\drive data\IMG\left_2019_09_25_07_46_53_851.jpg,C:\Users\cttc\Desktop\drive data\IMG\right_2019_09_25_07_46_53_851.jpg,0,1,0,8.435623
C:\Users\cttc\Desktop\drive data\IMG\center_2019_09_25_07_46_53_978.jpg,C:\Users\cttc\Desktop\drive data\IMG\left_2019_09_25_07_46_53_978.jpg,C:\Users\cttc\Desktop\drive data\IMG\right_2019_09_25_07_46_53_978.jpg,-0.15,1,0,9.775838
C:\Users\cttc\Desktop\drive data\IMG\center_2019_09_25_07_46_54_109.jpg,C:\Users\cttc\Desktop\drive data\IMG\left_2019_09_25_07_46_54_109.jpg,C:\Users\cttc\Desktop\drive data\IMG\right_2019_09_25_07_46_54_109.jpg,0,1,0,11.07744
C:\Users\cttc\Desktop\drive data\IMG\center_2019_09_25_07_46_54_241.jpg,C:\Users\cttc\Desktop\drive data\IMG\left_2019_09_25_07_46_54_241.jpg,C:\Users\cttc\Desktop\drive data\IMG\right_2019_09_25_07_46_54_241.jpg,0,1,0,12.58986
C:\Users\cttc\Desktop\drive data\IMG\center_2019_09_25_07_46_54_378.jpg,C:\Users\cttc\Desktop\drive data\IMG\left_2019_09_25_07_46_54_378.jpg,C:\Users\cttc\Desktop\drive data\IMG\right_2019_09_25_07_46_54_378.jpg,0,0.6020065,0,13.33761
C:\Users\cttc\Desktop\drive data\IMG\center_2019_09_25_07_46_54_498.jpg,C:\Users\cttc\Desktop\drive data\IMG\left_2019_09_25_07_46_54_498.jpg,C:\Users\cttc\Desktop\drive data\IMG\right_2019_09_25_07_46_54_498.jpg,0,0.2278294,0,13.96977
C:\Users\cttc\Desktop\drive data\IMG\center_2019_09_25_07_46_54_628.jpg,C:\Users\cttc\Desktop\drive data\IMG\left_2019_09_25_07_46_54_628.jpg,C:\Users\cttc\Desktop\drive data\IMG\right_2019_09_25_07_46_54_628.jpg,0,0,0,13.91415
C:\Users\cttc\Desktop\drive data\IMG\center_2019_09_25_07_46_54_744.jpg,C:\Users\cttc\Desktop\drive data\IMG\left_2019_09_25_07_46_54_744.jpg,C:\Users\cttc\Desktop\drive data\IMG\right_2019_09_25_07_46_54_744.jpg,0,0,0,13.7457
C:\Users\cttc\Desktop\drive data\IMG\center_2019_09_25_07_46_54_873.jpg,C:\Users\cttc\Desktop\drive data\IMG\left_2019_09_25_07_46_54_873.jpg,C:\Users\cttc\Desktop\drive data\IMG\right_2019_09_25_07_46_54_873.jpg,-0.15,0,0,13.57786
C:\Users\cttc\Desktop\drive data\IMG\center_2019_09_25_07_46_54_995.jpg,C:\Users\cttc\Desktop\drive data\IMG\left_2019_09_25_07_46_54_995.jpg,C:\Users\cttc\Desktop\drive data\IMG\right_2019_09_25_07_46_54_995.jpg,-0.5000001,0,0,12.9741
C:\Users\cttc\Desktop\drive data\IMG\center_2019_09_25_07_46_55_123.jpg,C:\Users\cttc\Desktop\drive data\IMG\left_2019_09_25_07_46_55_123.jpg,C:\Users\cttc\Desktop\drive data\IMG\right_2019_09_25_07_46_55_123.jpg,0,0,0,12.78074
C:\Users\cttc\Desktop\drive data\IMG\center_2019_09_25_07_46_55_249.jpg,C:\Users\cttc\Desktop\drive data\IMG\left_2019_09_25_07_46_55_249.jpg,C:\Users\cttc\Desktop\drive data\IMG\right_2019_09_25_07_46_55_249.jpg,0,0,0,12.63124
C:\Users\cttc\Desktop\drive data\IMG\center_2019_09_25_07_46_55_376.jpg,C:\Users\cttc\Desktop\drive data\IMG\left_2019_09_25_07_46_55_376.jpg,C:\Users\cttc\Desktop\drive data\IMG\right_2019_09_25_07_46_55_376.jpg,0,0,0,12.46913
C:\Users\cttc\Desktop\drive data\IMG\center_2019_09_25_07_46_55_501.jpg,C:\Users\cttc\Desktop\drive data\IMG\left_2019_09_25_07_46_55_501.jpg,C:\Users\cttc\Desktop\drive data\IMG\right_2019_09_25_07_46_55_501.jpg,-0.15,0,0,12.53196
C:\Users\cttc\Desktop\drive data\IMG\center_2019_09_25_07_46_55_625.jpg,C:\Users\cttc\Desktop\drive data\IMG\left_2019_09_25_07_46_55_625.jpg,C:\Users\cttc\Desktop\drive data\IMG\right_2019_09_25_07_46_55_625.jpg,-0.45,0,0,12.34874
C:\Users\cttc\Desktop\drive data\IMG\center_2019_09_25_07_46_55_751.jpg,C:\Users\cttc\Desktop\drive data\IMG\left_2019_09_25_07_46_55_751.jpg,C:\Users\cttc\Desktop\drive data\IMG\right_2019_09_25_07_46_55_751.jpg,-0.15,0,0,12.14141
C:\Users\cttc\Desktop\drive data\IMG\center_2019_09_25_07_46_55_881.jpg,C:\Users\cttc\Desktop\drive data\IMG\left_2019_09_25_07_46_55_881.jpg,C:\Users\cttc\Desktop\drive data\IMG\right_2019_09_25_07_46_55_881.jpg,-0.5000001,0,0,11.62401
C:\Users\cttc\Desktop\drive data\IMG\center_2019_09_25_07_46_56_007.jpg,C:\Users\cttc\Desktop\drive data\IMG\left_2019_09_25_07_46_56_007.jpg,C:\Users\cttc\Desktop\drive data\IMG\right_2019_09_25_07_46_56_007.jpg,0,0,0,11.45626
C:\Users\cttc\Desktop\drive data\IMG\center_2019_09_25_07_46_56_129.jpg,C:\Users\cttc\Desktop\drive data\IMG\left_2019_09_25_07_46_56_129.jpg,C:\Users\cttc\Desktop\drive data\IMG\right_2019_09_25_07_46_56_129.jpg,-0.3,0,0,11.28287
C:\Users\cttc\Desktop\drive data\IMG\center_2019_09_25_07_46_56_251.jpg,C:\Users\cttc\Desktop\drive data\IMG\left_2019_09_25_07_46_56_251.jpg,C:\Users\cttc\Desktop\drive data\IMG\right_2019_09_25_07_46_56_251.jpg,0,0,0,11.22062
C:\Users\cttc\Desktop\drive data\IMG\center_2019_09_25_07_46_56_379.jpg,C:\Users\cttc\Desktop\drive data\IMG\left_2019_09_25_07_46_56_379.jpg,C:\Users\cttc\Desktop\drive data\IMG\right_2019_09_25_07_46_56_379.jpg,-0.3,0,0,11.0805
C:\Users\cttc\Desktop\drive data\IMG\center_2019_09_25_07_46_56_503.jpg,C:\Users\cttc\Desktop\drive data\IMG\left_2019_09_25_07_46_56_503.jpg,C:\Users\cttc\Desktop\drive data\IMG\right_2019_09_25_07_46_56_503.jpg,0,0,0,10.87961
C:\Users\cttc\Desktop\drive data\IMG\center_2019_09_25_07_46_56_624.jpg,C:\Users\cttc\Desktop\drive data\IMG\left_2019_09_25_07_46_56_624.jpg,C:\Users\cttc\Desktop\drive data\IMG\right_2019_09_25_07_46_56_624.jpg,-0.3,0,0,10.72577
C:\Users\cttc\Desktop\drive data\IMG\center_2019_09_25_07_46_56_748.jpg,C:\Users\cttc\Desktop\drive data\IMG\left_2019_09_25_07_46_56_748.jpg,C:\Users\cttc\Desktop\drive data\IMG\right_2019_09_25_07_46_56_748.jpg,-0.6000001,0,0,10.50785
C:\Users\cttc\Desktop\drive data\IMG\center_2019_09_25_07_46_56_875.jpg,C:\Users\cttc\Desktop\drive data\IMG\left_2019_09_25_07_46_56_875.jpg,C:\Users\cttc\Desktop\drive data\IMG\right_2019_09_25_07_46_56_875.jpg,0,0,0,10.17986
C:\Users\cttc\Desktop\drive data\IMG\center_2019_09_25_07_46_56_997.jpg,C:\Users\cttc\Desktop\drive data\IMG\left_2019_09_25_07_46_56_997.jpg,C:\Users\cttc\Desktop\drive data\IMG\right_2019_09_25_07_46_56_997.jpg,-0.15,0,0,10.02842
C:\Users\cttc\Desktop\drive data\IMG\center_2019_09_25_07_46_57_117.jpg,C:\Users\cttc\Desktop\drive data\IMG\left_2019_09_25_07_46_57_117.jpg,C:\Users\cttc\Desktop\drive data\IMG\right_2019_09_25_07_46_57_117.jpg,-0.45,0,0,9.859719
C:\Users\cttc\Desktop\drive data\IMG\center_2019_09_25_07_46_57_241.jpg,C:\Users\cttc\Desktop\drive data\IMG\left_2019_09_25_07_46_57_241.jpg,C:\Users\cttc\Desktop\drive data\IMG\right_2019_09_25_07_46_57_241.jpg,-0.7500002,0,0,9.634322
C:\Users\cttc\Desktop\drive data\IMG\center_2019_09_25_07_46_57_360.jpg,C:\Users\cttc\Desktop\drive data\IMG\left_2019_09_25_07_46_57_360.jpg,C:\Users\cttc\Desktop\drive data\IMG\right_2019_09_25_07_46_57_360.jpg,-1,0,0,9.370385
C:\Users\cttc\Desktop\drive data\IMG\center_2019_09_25_07_46_57_479.jpg,C:\Users\cttc\Desktop\drive data\IMG\left_2019_09_25_07_46_57_479.jpg,C:\Users\cttc\Desktop\drive data\IMG\right_2019_09_25_07_46_57_479.jpg,0,0,0,9.075867
C:\Users\cttc\Desktop\drive data\IMG\center_2019_09_25_07_46_57_602.jpg,C:\Users\cttc\Desktop\drive data\IMG\left_2019_09_25_07_46_57_602.jpg,C:\Users\cttc\Desktop\drive data\IMG\right_2019_09_25_07_46_57_602.jpg,-0.15,0,0,8.902166
C:\Users\cttc\Desktop\drive data\IMG\center_2019_09_25_07_46_57_729.jpg,C:\Users\cttc\Desktop\drive data\IMG\left_2019_09_25_07_46_57_729.jpg,C:\Users\cttc\Desktop\drive data\IMG\right_2019_09_25_07_46_57_729.jpg,-0.45,0,0,8.761816
C:\Users\cttc\Desktop\drive data\IMG\center_2019_09_25_07_46_57_849.jpg,C:\Users\cttc\Desktop\drive data\IMG\left_2019_09_25_07_46_57_849.jpg,C:\Users\cttc\Desktop\drive data\IMG\right_2019_09_25_07_46_57_849.jpg,0,0,0,8.629498
C:\Users\cttc\Desktop\drive data\IMG\center_2019_09_25_07_46_57_969.jpg,C:\Users\cttc\Desktop\drive data\IMG\left_2019_09_25_07_46_57_969.jpg,C:\Users\cttc\Desktop\drive data\IMG\right_2019_09_25_07_46_57_969.jpg,0,0,0,8.524347
C:\Users\cttc\Desktop\drive data\IMG\center_2019_09_25_07_46_58_092.jpg,C:\Users\cttc\Desktop\drive data\IMG\left_2019_09_25_07_46_58_092.jpg,C:\Users\cttc\Desktop\drive data\IMG\right_2019_09_25_07_46_58_092.jpg,0,0,0,8.404273
C:\Users\cttc\Desktop\drive data\IMG\center_2019_09_25_07_46_58_213.jpg,C:\Users\cttc\Desktop\drive data\IMG\left_2019_09_25_07_46_58_213.jpg,C:\Users\cttc\Desktop\drive data\IMG\right_2019_09_25_07_46_58_213.jpg,0,0.3664785,0,8.683358
C:\Users\cttc\Desktop\drive data\IMG\center_2019_09_25_07_46_58_340.jpg,C:\Users\cttc\Desktop\drive data\IMG\left_2019_09_25_07_46_58_340.jpg,C:\Users\cttc\Desktop\drive data\IMG\right_2019_09_25_07_46_58_340.jpg,0,0.3754914,0,9.257293
C:\Users\cttc\Desktop\drive data\IMG\center_2019_09_25_07_46_58_460.jpg,C:\Users\cttc\Desktop\drive data\IMG\left_2019_09_25_07_46_58_460.jpg,C:\Users\cttc\Desktop\drive data\IMG\right_2019_09_25_07_46_58_460.jpg,0,0.01523969,0,9.324235
C:\Users\cttc\Desktop\drive data\IMG\center_2019_09_25_07_46_58_580.jpg,C:\Users\cttc\Desktop\drive data\IMG\left_2019_09_25_07_46_58_580.jpg,C:\Users\cttc\Desktop\drive data\IMG\right_2019_09_25_07_46_58_580.jpg,0,0.3736182,0,9.592031
C:\Users\cttc\Desktop\drive data\IMG\center_2019_09_25_07_46_58_702.jpg,C:\Users\cttc\Desktop\drive data\IMG\left_2019_09_25_07_46_58_702.jpg,C:\Users\cttc\Desktop\drive data\IMG\right_2019_09_25_07_46_58_702.jpg,0,0.3728145,0,9.8817
C:\Users\cttc\Desktop\drive data\IMG\center_2019_09_25_07_46_58_824.jpg,C:\Users\cttc\Desktop\drive data\IMG\left_2019_09_25_07_46_58_824.jpg,C:\Users\cttc\Desktop\drive data\IMG\right_2019_09_25_07_46_58_824.jpg,-0.3,0.7407969,0,10.64595
C:\Users\cttc\Desktop\drive data\IMG\center_2019_09_25_07_46_58_946.jpg,C:\Users\cttc\Desktop\drive data\IMG\left_2019_09_25_07_46_58_946.jpg,C:\Users\cttc\Desktop\drive data\IMG\right_2019_09_25_07_46_58_946.jpg,-0.6000001,0.3768762,0,11.13859
C:\Users\cttc\Desktop\drive data\IMG\center_2019_09_25_07_46_59_067.jpg,C:\Users\cttc\Desktop\drive data\IMG\left_2019_09_25_07_46_59_067.jpg,C:\Users\cttc\Desktop\drive data\IMG\right_2019_09_25_07_46_59_067.jpg,0,0.01219527,0,11.12698
C:\Users\cttc\Desktop\drive data\IMG\center_2019_09_25_07_46_59_192.jpg,C:\Users\cttc\Desktop\drive data\IMG\left_2019_09_25_07_46_59_192.jpg,C:\Users\cttc\Desktop\drive data\IMG\right_2019_09_25_07_46_59_192.jpg,-0.35,0,0,10.94522
C:\Users\cttc\Desktop\drive data\IMG\center_2019_09_25_07_46_59_315.jpg,C:\Users\cttc\Desktop\drive data\IMG\left_2019_09_25_07_46_59_315.jpg,C:\Users\cttc\Desktop\drive data\IMG\right_2019_09_25_07_46_59_315.jpg,0,0,0,10.7647
C:\Users\cttc\Desktop\drive data\IMG\center_2019_09_25_07_46_59_430.jpg,C:\Users\cttc\Desktop\drive data\IMG\left_2019_09_25_07_46_59_430.jpg,C:\Users\cttc\Desktop\drive data\IMG\right_2019_09_25_07_46_59_430.jpg,0,0,0,10.65384
C:\Users\cttc\Desktop\drive data\IMG\center_2019_09_25_07_46_59_549.jpg,C:\Users\cttc\Desktop\drive data\IMG\left_2019_09_25_07_46_59_549.jpg,C:\Users\cttc\Desktop\drive data\IMG\right_2019_09_25_07_46_59_549.jpg,0,0,0,10.52586
C:\Users\cttc\Desktop\drive data\IMG\center_2019_09_25_07_46_59_673.jpg,C:\Users\cttc\Desktop\drive data\IMG\left_2019_09_25_07_46_59_673.jpg,C:\Users\cttc\Desktop\drive data\IMG\right_2019_09_25_07_46_59_673.jpg,0,0,0,10.37894
C:\Users\cttc\Desktop\drive data\IMG\center_2019_09_25_07_46_59_793.jpg,C:\Users\cttc\Desktop\drive data\IMG\left_2019_09_25_07_46_59_793.jpg,C:\Users\cttc\Desktop\drive data\IMG\right_2019_09_25_07_46_59_793.jpg,0,0.3599139,0,10.61378
C:\Users\cttc\Desktop\drive data\IMG\center_2019_09_25_07_46_59_914.jpg,C:\Users\cttc\Desktop\drive data\IMG\left_2019_09_25_07_46_59_914.jpg,C:\Users\cttc\Desktop\drive data\IMG\right_2019_09_25_07_46_59_914.jpg,0,0.7234617,0,11.44554
C:\Users\cttc\Desktop\drive data\IMG\center_2019_09_25_07_47_00_035.jpg,C:\Users\cttc\Desktop\drive data\IMG\left_2019_09_25_07_47_00_035.jpg,C:\Users\cttc\Desktop\drive data\IMG\right_2019_09_25_07_47_00_035.jpg,0,1,0,12.47481
C:\Users\cttc\Desktop\drive data\IMG\center_2019_09_25_07_47_00_163.jpg,C:\Users\cttc\Desktop\drive data\IMG\left_2019_09_25_07_47_00_163.jpg,C:\Users\cttc\Desktop\drive data\IMG\right_2019_09_25_07_47_00_163.jpg,-0.15,1,0,13.91236
C:\Users\cttc\Desktop\drive data\IMG\center_2019_09_25_07_47_00_285.jpg,C:\Users\cttc\Desktop\drive data\IMG\left_2019_09_25_07_47_00_285.jpg,C:\Users\cttc\Desktop\drive data\IMG\right_2019_09_25_07_47_00_285.jpg,-0.45,0.8299921,0,15.11615
C:\Users\cttc\Desktop\drive data\IMG\center_2019_09_25_07_47_00_398.jpg,C:\Users\cttc\Desktop\drive data\IMG\left_2019_09_25_07_47_00_398.jpg,C:\Users\cttc\Desktop\drive data\IMG\right_2019_09_25_07_47_00_398.jpg,0,0.4688833,0,15.70459
C:\Users\cttc\Desktop\drive data\IMG\center_2019_09_25_07_47_00_475.jpg,C:\Users\cttc\Desktop\drive data\IMG\left_2019_09_25_07_47_00_475.jpg,C:\Users\cttc\Desktop\drive data\IMG\right_2019_09_25_07_47_00_475.jpg,-0.2,0.2498125,0,15.95059
C:\Users\cttc\Desktop\drive data\IMG\center_2019_09_25_07_47_00_581.jpg,C:\Users\cttc\Desktop\drive data\IMG\left_2019_09_25_07_47_00_581.jpg,C:\Users\cttc\Desktop\drive data\IMG\right_2019_09_25_07_47_00_581.jpg,0,0,0,15.28028
C:\Users\cttc\Desktop\drive data\IMG\center_2019_09_25_07_47_00_708.jpg,C:\Users\cttc\Desktop\drive data\IMG\left_2019_09_25_07_47_00_708.jpg,C:\Users\cttc\Desktop\drive data\IMG\right_2019_09_25_07_47_00_708.jpg,-0.15,0,0,15.09016
C:\Users\cttc\Desktop\drive data\IMG\center_2019_09_25_07_47_00_831.jpg,C:\Users\cttc\Desktop\drive data\IMG\left_2019_09_25_07_47_00_831.jpg,C:\Users\cttc\Desktop\drive data\IMG\right_2019_09_25_07_47_00_831.jpg,0,0,0,14.87735
C:\Users\cttc\Desktop\drive data\IMG\center_2019_09_25_07_47_00_954.jpg,C:\Users\cttc\Desktop\drive data\IMG\left_2019_09_25_07_47_00_954.jpg,C:\Users\cttc\Desktop\drive data\IMG\right_2019_09_25_07_47_00_954.jpg,0,0,0,14.72371
C:\Users\cttc\Desktop\drive data\IMG\center_2019_09_25_07_47_01_080.jpg,C:\Users\cttc\Desktop\drive data\IMG\left_2019_09_25_07_47_01_080.jpg,C:\Users\cttc\Desktop\drive data\IMG\right_2019_09_25_07_47_01_080.jpg,0,0,0,15.05383
C:\Users\cttc\Desktop\drive data\IMG\center_2019_09_25_07_47_01_204.jpg,C:\Users\cttc\Desktop\drive data\IMG\left_2019_09_25_07_47_01_204.jpg,C:\Users\cttc\Desktop\drive data\IMG\right_2019_09_25_07_47_01_204.jpg,0,0.3767739,0,15.11401
C:\Users\cttc\Desktop\drive data\IMG\center_2019_09_25_07_47_01_329.jpg,C:\Users\cttc\Desktop\drive data\IMG\left_2019_09_25_07_47_01_329.jpg,C:\Users\cttc\Desktop\drive data\IMG\right_2019_09_25_07_47_01_329.jpg,-0.3,0.3930546,0,15.62049
C:\Users\cttc\Desktop\drive data\IMG\center_2019_09_25_07_47_01_448.jpg,C:\Users\cttc\Desktop\drive data\IMG\left_2019_09_25_07_47_01_448.jpg,C:\Users\cttc\Desktop\drive data\IMG\right_2019_09_25_07_47_01_448.jpg,-0.6000001,0.0128829,0,15.5584
C:\Users\cttc\Desktop\drive data\IMG\center_2019_09_25_07_47_01_578.jpg,C:\Users\cttc\Desktop\drive data\IMG\left_2019_09_25_07_47_01_578.jpg,C:\Users\cttc\Desktop\drive data\IMG\right_2019_09_25_07_47_01_578.jpg,-0.15,0,0,15.38498
C:\Users\cttc\Desktop\drive data\IMG\center_2019_09_25_07_47_01_705.jpg,C:\Users\cttc\Desktop\drive data\IMG\left_2019_09_25_07_47_01_705.jpg,C:\Users\cttc\Desktop\drive data\IMG\right_2019_09_25_07_47_01_705.jpg,-0.5000001,0,0,14.57476
C:\Users\cttc\Desktop\drive data\IMG\center_2019_09_25_07_47_01_828.jpg,C:\Users\cttc\Desktop\drive data\IMG\left_2019_09_25_07_47_01_828.jpg,C:\Users\cttc\Desktop\drive data\IMG\right_2019_09_25_07_47_01_828.jpg,-0.15,0,0,14.33437
C:\Users\cttc\Desktop\drive data\IMG\center_2019_09_25_07_47_01_949.jpg,C:\Users\cttc\Desktop\drive data\IMG\left_2019_09_25_07_47_01_949.jpg,C:\Users\cttc\Desktop\drive data\IMG\right_2019_09_25_07_47_01_949.jpg,0,0,0,14.16467
C:\Users\cttc\Desktop\drive data\IMG\center_2019_09_25_07_47_02_074.jpg,C:\Users\cttc\Desktop\drive data\IMG\left_2019_09_25_07_47_02_074.jpg,C:\Users\cttc\Desktop\drive data\IMG\right_2019_09_25_07_47_02_074.jpg,0,0,0,14.02919
C:\Users\cttc\Desktop\drive data\IMG\center_2019_09_25_07_47_02_196.jpg,C:\Users\cttc\Desktop\drive data\IMG\left_2019_09_25_07_47_02_196.jpg,C:\Users\cttc\Desktop\drive data\IMG\right_2019_09_25_07_47_02_196.jpg,0,0,0,13.84633
C:\Users\cttc\Desktop\drive data\IMG\center_2019_09_25_07_47_02_323.jpg,C:\Users\cttc\Desktop\drive data\IMG\left_2019_09_25_07_47_02_323.jpg,C:\Users\cttc\Desktop\drive data\IMG\right_2019_09_25_07_47_02_323.jpg,0,0,0,14.13867
C:\Users\cttc\Desktop\drive data\IMG\center_2019_09_25_07_47_02_446.jpg,C:\Users\cttc\Desktop\drive data\IMG\left_2019_09_25_07_47_02_446.jpg,C:\Users\cttc\Desktop\drive data\IMG\right_2019_09_25_07_47_02_446.jpg,0,0.3687138,0,14.20631
C:\Users\cttc\Desktop\drive data\IMG\center_2019_09_25_07_47_02_569.jpg,C:\Users\cttc\Desktop\drive data\IMG\left_2019_09_25_07_47_02_569.jpg,C:\Users\cttc\Desktop\drive data\IMG\right_2019_09_25_07_47_02_569.jpg,0,0.7390269,0,14.78442
C:\Users\cttc\Desktop\drive data\IMG\center_2019_09_25_07_47_02_691.jpg,C:\Users\cttc\Desktop\drive data\IMG\left_2019_09_25_07_47_02_691.jpg,C:\Users\cttc\Desktop\drive data\IMG\right_2019_09_25_07_47_02_691.jpg,-0.15,0.3701736,0,15.41679
C:\Users\cttc\Desktop\drive data\IMG\center_2019_09_25_07_47_02_812.jpg,C:\Users\cttc\Desktop\drive data\IMG\left_2019_09_25_07_47_02_812.jpg,C:\Users\cttc\Desktop\drive data\IMG\right_2019_09_25_07_47_02_812.jpg,-0.5000001,0,0,15.04411
C:\Users\cttc\Desktop\drive data\IMG\center_2019_09_25_07_47_02_946.jpg,C:\Users\cttc\Desktop\drive data\IMG\left_2019_09_25_07_47_02_946.jpg,C:\Users\cttc\Desktop\drive data\IMG\right_2019_09_25_07_47_02_946.jpg,-0.15,0,0,14.83668
C:\Users\cttc\Desktop\drive data\IMG\center_2019_09_25_07_47_03_071.jpg,C:\Users\cttc\Desktop\drive data\IMG\left_2019_09_25_07_47_03_071.jpg,C:\Users\cttc\Desktop\drive data\IMG\right_2019_09_25_07_47_03_071.jpg,-0.45,0,0,14.61544
C:\Users\cttc\Desktop\drive data\IMG\center_2019_09_25_07_47_03_195.jpg,C:\Users\cttc\Desktop\drive data\IMG\left_2019_09_25_07_47_03_195.jpg,C:\Users\cttc\Desktop\drive data\IMG\right_2019_09_25_07_47_03_195.jpg,0,0,0,14.39928
C:\Users\cttc\Desktop\drive data\IMG\center_2019_09_25_07_47_03_321.jpg,C:\Users\cttc\Desktop\drive data\IMG\left_2019_09_25_07_47_03_321.jpg,C:\Users\cttc\Desktop\drive data\IMG\right_2019_09_25_07_47_03_321.jpg,-0.35,0,0,14.4454
C:\Users\cttc\Desktop\drive data\IMG\center_2019_09_25_07_47_03_447.jpg,C:\Users\cttc\Desktop\drive data\IMG\left_2019_09_25_07_47_03_447.jpg,C:\Users\cttc\Desktop\drive data\IMG\right_2019_09_25_07_47_03_447.jpg,0,0,0,14.23403
C:\Users\cttc\Desktop\drive data\IMG\center_2019_09_25_07_47_03_575.jpg,C:\Users\cttc\Desktop\drive data\IMG\left_2019_09_25_07_47_03_575.jpg,C:\Users\cttc\Desktop\drive data\IMG\right_2019_09_25_07_47_03_575.jpg,0,0,0,14.07792
C:\Users\cttc\Desktop\drive data\IMG\center_2019_09_25_07_47_03_705.jpg,C:\Users\cttc\Desktop\drive data\IMG\left_2019_09_25_07_47_03_705.jpg,C:\Users\cttc\Desktop\drive data\IMG\right_2019_09_25_07_47_03_705.jpg,-0.35,0,0,13.58359
C:\Users\cttc\Desktop\drive data\IMG\center_2019_09_25_07_47_03_829.jpg,C:\Users\cttc\Desktop\drive data\IMG\left_2019_09_25_07_47_03_829.jpg,C:\Users\cttc\Desktop\drive data\IMG\right_2019_09_25_07_47_03_829.jpg,-0.15,0,0,13.44102
C:\Users\cttc\Desktop\drive data\IMG\center_2019_09_25_07_47_03_956.jpg,C:\Users\cttc\Desktop\drive data\IMG\left_2019_09_25_07_47_03_956.jpg,C:\Users\cttc\Desktop\drive data\IMG\right_2019_09_25_07_47_03_956.jpg,0,0,0,13.20826
C:\Users\cttc\Desktop\drive data\IMG\center_2019_09_25_07_47_04_022.jpg,C:\Users\cttc\Desktop\drive data\IMG\left_2019_09_25_07_47_04_022.jpg,C:\Users\cttc\Desktop\drive data\IMG\right_2019_09_25_07_47_04_022.jpg,0,0,0,13.0755
C:\Users\cttc\Desktop\drive data\IMG\center_2019_09_25_07_47_04_146.jpg,C:\Users\cttc\Desktop\drive data\IMG\left_2019_09_25_07_47_04_146.jpg,C:\Users\cttc\Desktop\drive data\IMG\right_2019_09_25_07_47_04_146.jpg,0,0,0,12.87273
C:\Users\cttc\Desktop\drive data\IMG\center_2019_09_25_07_47_04_213.jpg,C:\Users\cttc\Desktop\drive data\IMG\left_2019_09_25_07_47_04_213.jpg,C:\Users\cttc\Desktop\drive data\IMG\right_2019_09_25_07_47_04_213.jpg,0,0,0,13.04428
C:\Users\cttc\Desktop\drive data\IMG\center_2019_09_25_07_47_04_345.jpg,C:\Users\cttc\Desktop\drive data\IMG\left_2019_09_25_07_47_04_345.jpg,C:\Users\cttc\Desktop\drive data\IMG\right_2019_09_25_07_47_04_345.jpg,0,0.3928464,0,13.16942
C:\Users\cttc\Desktop\drive data\IMG\center_2019_09_25_07_47_04_474.jpg,C:\Users\cttc\Desktop\drive data\IMG\left_2019_09_25_07_47_04_474.jpg,C:\Users\cttc\Desktop\drive data\IMG\right_2019_09_25_07_47_04_474.jpg,0,0.008760273,0,13.01257
C:\Users\cttc\Desktop\drive data\IMG\center_2019_09_25_07_47_04_605.jpg,C:\Users\cttc\Desktop\drive data\IMG\left_2019_09_25_07_47_04_605.jpg,C:\Users\cttc\Desktop\drive data\IMG\right_2019_09_25_07_47_04_605.jpg,0,0.2018934,0,13.50901
C:\Users\cttc\Desktop\drive data\IMG\center_2019_09_25_07_47_04_732.jpg,C:\Users\cttc\Desktop\drive data\IMG\left_2019_09_25_07_47_04_732.jpg,C:\Users\cttc\Desktop\drive data\IMG\right_2019_09_25_07_47_04_732.jpg,0,0.2090253,0,13.78356
C:\Users\cttc\Desktop\drive data\IMG\center_2019_09_25_07_47_04_858.jpg,C:\Users\cttc\Desktop\drive data\IMG\left_2019_09_25_07_47_04_858.jpg,C:\Users\cttc\Desktop\drive data\IMG\right_2019_09_25_07_47_04_858.jpg,0,0,0,13.6741
C:\Users\cttc\Desktop\drive data\IMG\center_2019_09_25_07_47_04_985.jpg,C:\Users\cttc\Desktop\drive data\IMG\left_2019_09_25_07_47_04_985.jpg,C:\Users\cttc\Desktop\drive data\IMG\right_2019_09_25_07_47_04_985.jpg,-0.35,0,0,12.88706
C:\Users\cttc\Desktop\drive data\IMG\center_2019_09_25_07_47_05_120.jpg,C:\Users\cttc\Desktop\drive data\IMG\left_2019_09_25_07_47_05_120.jpg,C:\Users\cttc\Desktop\drive data\IMG\right_2019_09_25_07_47_05_120.jpg,-0.6500001,0,0,12.61737
C:\Users\cttc\Desktop\drive data\IMG\center_2019_09_25_07_47_05_247.jpg,C:\Users\cttc\Desktop\drive data\IMG\left_2019_09_25_07_47_05_247.jpg,C:\Users\cttc\Desktop\drive data\IMG\right_2019_09_25_07_47_05_247.jpg,-1,0,0,12.7202
C:\Users\cttc\Desktop\drive data\IMG\center_2019_09_25_07_47_05_320.jpg,C:\Users\cttc\Desktop\drive data\IMG\left_2019_09_25_07_47_05_320.jpg,C:\Users\cttc\Desktop\drive data\IMG\right_2019_09_25_07_47_05_320.jpg,0,0,0,12.09079
C:\Users\cttc\Desktop\drive data\IMG\center_2019_09_25_07_47_05_393.jpg,C:\Users\cttc\Desktop\drive data\IMG\left_2019_09_25_07_47_05_393.jpg,C:\Users\cttc\Desktop\drive data\IMG\right_2019_09_25_07_47_05_393.jpg,0,0,0,11.90062
C:\Users\cttc\Desktop\drive data\IMG\center_2019_09_25_07_47_05_527.jpg,C:\Users\cttc\Desktop\drive data\IMG\left_2019_09_25_07_47_05_527.jpg,C:\Users\cttc\Desktop\drive data\IMG\right_2019_09_25_07_47_05_527.jpg,-0.35,0,0,12.16306
C:\Users\cttc\Desktop\drive data\IMG\center_2019_09_25_07_47_05_663.jpg,C:\Users\cttc\Desktop\drive data\IMG\left_2019_09_25_07_47_05_663.jpg,C:\Users\cttc\Desktop\drive data\IMG\right_2019_09_25_07_47_05_663.jpg,0,0,0,12.07479
C:\Users\cttc\Desktop\drive data\IMG\center_2019_09_25_07_47_05_734.jpg,C:\Users\cttc\Desktop\drive data\IMG\left_2019_09_25_07_47_05_734.jpg,C:\Users\cttc\Desktop\drive data\IMG\right_2019_09_25_07_47_05_734.jpg,0,0,0,11.91374
C:\Users\cttc\Desktop\drive data\IMG\center_2019_09_25_07_47_05_868.jpg,C:\Users\cttc\Desktop\drive data\IMG\left_2019_09_25_07_47_05_868.jpg,C:\Users\cttc\Desktop\drive data\IMG\right_2019_09_25_07_47_05_868.jpg,0,0.1956489,0,11.78871
C:\Users\cttc\Desktop\drive data\IMG\center_2019_09_25_07_47_05_997.jpg,C:\Users\cttc\Desktop\drive data\IMG\left_2019_09_25_07_47_05_997.jpg,C:\Users\cttc\Desktop\drive data\IMG\right_2019_09_25_07_47_05_997.jpg,0,0.193002,0,11.91645
C:\Users\cttc\Desktop\drive data\IMG\center_2019_09_25_07_47_06_140.jpg,C:\Users\cttc\Desktop\drive data\IMG\left_2019_09_25_07_47_06_140.jpg,C:\Users\cttc\Desktop\drive data\IMG\right_2019_09_25_07_47_06_140.jpg,0,0,0,12.15625
C:\Users\cttc\Desktop\drive data\IMG\center_2019_09_25_07_47_06_277.jpg,C:\Users\cttc\Desktop\drive data\IMG\left_2019_09_25_07_47_06_277.jpg,C:\Users\cttc\Desktop\drive data\IMG\right_2019_09_25_07_47_06_277.jpg,0,0.3950847,0,12.35938
C:\Users\cttc\Desktop\drive data\IMG\center_2019_09_25_07_47_06_393.jpg,C:\Users\cttc\Desktop\drive data\IMG\left_2019_09_25_07_47_06_393.jpg,C:\Users\cttc\Desktop\drive data\IMG\right_2019_09_25_07_47_06_393.jpg,0,0,0,12.16403
C:\Users\cttc\Desktop\drive data\IMG\center_2019_09_25_07_47_06_520.jpg,C:\Users\cttc\Desktop\drive data\IMG\left_2019_09_25_07_47_06_520.jpg,C:\Users\cttc\Desktop\drive data\IMG\right_2019_09_25_07_47_06_520.jpg,0,0.2037147,0,12.13489
C:\Users\cttc\Desktop\drive data\IMG\center_2019_09_25_07_47_06_649.jpg,C:\Users\cttc\Desktop\drive data\IMG\left_2019_09_25_07_47_06_649.jpg,C:\Users\cttc\Desktop\drive data\IMG\right_2019_09_25_07_47_06_649.jpg,0,0.6034257,0,12.92255
C:\Users\cttc\Desktop\drive data\IMG\center_2019_09_25_07_47_06_783.jpg,C:\Users\cttc\Desktop\drive data\IMG\left_2019_09_25_07_47_06_783.jpg,C:\Users\cttc\Desktop\drive data\IMG\right_2019_09_25_07_47_06_783.jpg,0,0.9950784,0,14.03211
C:\Users\cttc\Desktop\drive data\IMG\center_2019_09_25_07_47_06_902.jpg,C:\Users\cttc\Desktop\drive data\IMG\left_2019_09_25_07_47_06_902.jpg,C:\Users\cttc\Desktop\drive data\IMG\right_2019_09_25_07_47_06_902.jpg,0,1,0,15.38622
C:\Users\cttc\Desktop\drive data\IMG\center_2019_09_25_07_47_07_031.jpg,C:\Users\cttc\Desktop\drive data\IMG\left_2019_09_25_07_47_07_031.jpg,C:\Users\cttc\Desktop\drive data\IMG\right_2019_09_25_07_47_07_031.jpg,0,1,0,17.01922
C:\Users\cttc\Desktop\drive data\IMG\center_2019_09_25_07_47_07_162.jpg,C:\Users\cttc\Desktop\drive data\IMG\left_2019_09_25_07_47_07_162.jpg,C:\Users\cttc\Desktop\drive data\IMG\right_2019_09_25_07_47_07_162.jpg,0,1,0,18.26295
C:\Users\cttc\Desktop\drive data\IMG\center_2019_09_25_07_47_07_293.jpg,C:\Users\cttc\Desktop\drive data\IMG\left_2019_09_25_07_47_07_293.jpg,C:\Users\cttc\Desktop\drive data\IMG\right_2019_09_25_07_47_07_293.jpg,0,1,0,19.55245
C:\Users\cttc\Desktop\drive data\IMG\center_2019_09_25_07_47_07_425.jpg,C:\Users\cttc\Desktop\drive data\IMG\left_2019_09_25_07_47_07_425.jpg,C:\Users\cttc\Desktop\drive data\IMG\right_2019_09_25_07_47_07_425.jpg,0,1,0,20.78853
C:\Users\cttc\Desktop\drive data\IMG\center_2019_09_25_07_47_07_559.jpg,C:\Users\cttc\Desktop\drive data\IMG\left_2019_09_25_07_47_07_559.jpg,C:\Users\cttc\Desktop\drive data\IMG\right_2019_09_25_07_47_07_559.jpg,-0.15,0.7956445,0,22.1372
C:\Users\cttc\Desktop\drive data\IMG\center_2019_09_25_07_47_07_691.jpg,C:\Users\cttc\Desktop\drive data\IMG\left_2019_09_25_07_47_07_691.jpg,C:\Users\cttc\Desktop\drive data\IMG\right_2019_09_25_07_47_07_691.jpg,-0.5000001,0.3981707,0,22.48696
C:\Users\cttc\Desktop\drive data\IMG\center_2019_09_25_07_47_07_820.jpg,C:\Users\cttc\Desktop\drive data\IMG\left_2019_09_25_07_47_07_820.jpg,C:\Users\cttc\Desktop\drive data\IMG\right_2019_09_25_07_47_07_820.jpg,0,0.01057577,0,22.25177
C:\Users\cttc\Desktop\drive data\IMG\center_2019_09_25_07_47_07_889.jpg,C:\Users\cttc\Desktop\drive data\IMG\left_2019_09_25_07_47_07_889.jpg,C:\Users\cttc\Desktop\drive data\IMG\right_2019_09_25_07_47_07_889.jpg,0,0,0,22.18129
C:\Users\cttc\Desktop\drive data\IMG\center_2019_09_25_07_47_08_024.jpg,C:\Users\cttc\Desktop\drive data\IMG\left_2019_09_25_07_47_08_024.jpg,C:\Users\cttc\Desktop\drive data\IMG\right_2019_09_25_07_47_08_024.jpg,0,0,0,21.73043
C:\Users\cttc\Desktop\drive data\IMG\center_2019_09_25_07_47_08_149.jpg,C:\Users\cttc\Desktop\drive data\IMG\left_2019_09_25_07_47_08_149.jpg,C:\Users\cttc\Desktop\drive data\IMG\right_2019_09_25_07_47_08_149.jpg,0,0,0,21.46437
C:\Users\cttc\Desktop\drive data\IMG\center_2019_09_25_07_47_08_218.jpg,C:\Users\cttc\Desktop\drive data\IMG\left_2019_09_25_07_47_08_218.jpg,C:\Users\cttc\Desktop\drive data\IMG\right_2019_09_25_07_47_08_218.jpg,0,0,0,21.28542
C:\Users\cttc\Desktop\drive data\IMG\center_2019_09_25_07_47_08_349.jpg,C:\Users\cttc\Desktop\drive data\IMG\left_2019_09_25_07_47_08_349.jpg,C:\Users\cttc\Desktop\drive data\IMG\right_2019_09_25_07_47_08_349.jpg,0,0.1999995,0,21.12683
C:\Users\cttc\Desktop\drive data\IMG\center_2019_09_25_07_47_08_474.jpg,C:\Users\cttc\Desktop\drive data\IMG\left_2019_09_25_07_47_08_474.jpg,C:\Users\cttc\Desktop\drive data\IMG\right_2019_09_25_07_47_08_474.jpg,0,0.5756949,0,21.75611
C:\Users\cttc\Desktop\drive data\IMG\center_2019_09_25_07_47_08_607.jpg,C:\Users\cttc\Desktop\drive data\IMG\left_2019_09_25_07_47_08_607.jpg,C:\Users\cttc\Desktop\drive data\IMG\right_2019_09_25_07_47_08_607.jpg,0,0.5695843,0,22.4618
C:\Users\cttc\Desktop\drive data\IMG\center_2019_09_25_07_47_08_736.jpg,C:\Users\cttc\Desktop\drive data\IMG\left_2019_09_25_07_47_08_736.jpg,C:\Users\cttc\Desktop\drive data\IMG\right_2019_09_25_07_47_08_736.jpg,0,0.1796995,0,22.54883
C:\Users\cttc\Desktop\drive data\IMG\center_2019_09_25_07_47_08_863.jpg,C:\Users\cttc\Desktop\drive data\IMG\left_2019_09_25_07_47_08_863.jpg,C:\Users\cttc\Desktop\drive data\IMG\right_2019_09_25_07_47_08_863.jpg,0,0,0,22.25613
C:\Users\cttc\Desktop\drive data\IMG\center_2019_09_25_07_47_08_933.jpg,C:\Users\cttc\Desktop\drive data\IMG\left_2019_09_25_07_47_08_933.jpg,C:\Users\cttc\Desktop\drive data\IMG\right_2019_09_25_07_47_08_933.jpg,0,0,0,22.04128
C:\Users\cttc\Desktop\drive data\IMG\center_2019_09_25_07_47_09_064.jpg,C:\Users\cttc\Desktop\drive data\IMG\left_2019_09_25_07_47_09_064.jpg,C:\Users\cttc\Desktop\drive data\IMG\right_2019_09_25_07_47_09_064.jpg,0,0,0,21.7486
C:\Users\cttc\Desktop\drive data\IMG\center_2019_09_25_07_47_09_191.jpg,C:\Users\cttc\Desktop\drive data\IMG\left_2019_09_25_07_47_09_191.jpg,C:\Users\cttc\Desktop\drive data\IMG\right_2019_09_25_07_47_09_191.jpg,0,0,0,21.7153
C:\Users\cttc\Desktop\drive data\IMG\center_2019_09_25_07_47_09_324.jpg,C:\Users\cttc\Desktop\drive data\IMG\left_2019_09_25_07_47_09_324.jpg,C:\Users\cttc\Desktop\drive data\IMG\right_2019_09_25_07_47_09_324.jpg,0,0,0,21.45894
C:\Users\cttc\Desktop\drive data\IMG\center_2019_09_25_07_47_09_392.jpg,C:\Users\cttc\Desktop\drive data\IMG\left_2019_09_25_07_47_09_392.jpg,C:\Users\cttc\Desktop\drive data\IMG\right_2019_09_25_07_47_09_392.jpg,0,0,0,21.28965
C:\Users\cttc\Desktop\drive data\IMG\center_2019_09_25_07_47_09_524.jpg,C:\Users\cttc\Desktop\drive data\IMG\left_2019_09_25_07_47_09_524.jpg,C:\Users\cttc\Desktop\drive data\IMG\right_2019_09_25_07_47_09_524.jpg,0,0,0,21.03822
C:\Users\cttc\Desktop\drive data\IMG\center_2019_09_25_07_47_09_657.jpg,C:\Users\cttc\Desktop\drive data\IMG\left_2019_09_25_07_47_09_657.jpg,C:\Users\cttc\Desktop\drive data\IMG\right_2019_09_25_07_47_09_657.jpg,0,0,0,20.43348
C:\Users\cttc\Desktop\drive data\IMG\center_2019_09_25_07_47_09_727.jpg,C:\Users\cttc\Desktop\drive data\IMG\left_2019_09_25_07_47_09_727.jpg,C:\Users\cttc\Desktop\drive data\IMG\right_2019_09_25_07_47_09_727.jpg,0,0,0,20.62652
C:\Users\cttc\Desktop\drive data\IMG\center_2019_09_25_07_47_09_796.jpg,C:\Users\cttc\Desktop\drive data\IMG\left_2019_09_25_07_47_09_796.jpg,C:\Users\cttc\Desktop\drive data\IMG\right_2019_09_25_07_47_09_796.jpg,0,0,0,20.46452
C:\Users\cttc\Desktop\drive data\IMG\center_2019_09_25_07_47_09_864.jpg,C:\Users\cttc\Desktop\drive data\IMG\left_2019_09_25_07_47_09_864.jpg,C:\Users\cttc\Desktop\drive data\IMG\right_2019_09_25_07_47_09_864.jpg,0,0,0,20.01106
C:\Users\cttc\Desktop\drive data\IMG\center_2019_09_25_07_47_09_994.jpg,C:\Users\cttc\Desktop\drive data\IMG\left_2019_09_25_07_47_09_994.jpg,C:\Users\cttc\Desktop\drive data\IMG\right_2019_09_25_07_47_09_994.jpg,0,0,0,20.06754
C:\Users\cttc\Desktop\drive data\IMG\center_2019_09_25_07_47_10_123.jpg,C:\Users\cttc\Desktop\drive data\IMG\left_2019_09_25_07_47_10_123.jpg,C:\Users\cttc\Desktop\drive data\IMG\right_2019_09_25_07_47_10_123.jpg,0,0,0,19.83624
C:\Users\cttc\Desktop\drive data\IMG\center_2019_09_25_07_47_10_190.jpg,C:\Users\cttc\Desktop\drive data\IMG\left_2019_09_25_07_47_10_190.jpg,C:\Users\cttc\Desktop\drive data\IMG\right_2019_09_25_07_47_10_190.jpg,0,0,0,19.34227
C:\Users\cttc\Desktop\drive data\IMG\center_2019_09_25_07_47_10_259.jpg,C:\Users\cttc\Desktop\drive data\IMG\left_2019_09_25_07_47_10_259.jpg,C:\Users\cttc\Desktop\drive data\IMG\right_2019_09_25_07_47_10_259.jpg,0,0,0,19.16984
C:\Users\cttc\Desktop\drive data\IMG\center_2019_09_25_07_47_10_327.jpg,C:\Users\cttc\Desktop\drive data\IMG\left_2019_09_25_07_47_10_327.jpg,C:\Users\cttc\Desktop\drive data\IMG\right_2019_09_25_07_47_10_327.jpg,0,0,0,19.46587
C:\Users\cttc\Desktop\drive data\IMG\center_2019_09_25_07_47_10_399.jpg,C:\Users\cttc\Desktop\drive data\IMG\left_2019_09_25_07_47_10_399.jpg,C:\Users\cttc\Desktop\drive data\IMG\right_2019_09_25_07_47_10_399.jpg,-0.2,0,0,19.29862
C:\Users\cttc\Desktop\drive data\IMG\center_2019_09_25_07_47_10_526.jpg,C:\Users\cttc\Desktop\drive data\IMG\left_2019_09_25_07_47_10_526.jpg,C:\Users\cttc\Desktop\drive data\IMG\right_2019_09_25_07_47_10_526.jpg,-0.5000001,0,0,18.93694
C:\Users\cttc\Desktop\drive data\IMG\center_2019_09_25_07_47_10_653.jpg,C:\Users\cttc\Desktop\drive data\IMG\left_2019_09_25_07_47_10_653.jpg,C:\Users\cttc\Desktop\drive data\IMG\right_2019_09_25_07_47_10_653.jpg,0,0,0,18.18637
C:\Users\cttc\Desktop\drive data\IMG\center_2019_09_25_07_47_10_783.jpg,C:\Users\cttc\Desktop\drive data\IMG\left_2019_09_25_07_47_10_783.jpg,C:\Users\cttc\Desktop\drive data\IMG\right_2019_09_25_07_47_10_783.jpg,0,0,0,17.94884
C:\Users\cttc\Desktop\drive data\IMG\center_2019_09_25_07_47_10_910.jpg,C:\Users\cttc\Desktop\drive data\IMG\left_2019_09_25_07_47_10_910.jpg,C:\Users\cttc\Desktop\drive data\IMG\right_2019_09_25_07_47_10_910.jpg,0,0,0,17.72225
C:\Users\cttc\Desktop\drive data\IMG\center_2019_09_25_07_47_11_043.jpg,C:\Users\cttc\Desktop\drive data\IMG\left_2019_09_25_07_47_11_043.jpg,C:\Users\cttc\Desktop\drive data\IMG\right_2019_09_25_07_47_11_043.jpg,0,0,0,17.98351
C:\Users\cttc\Desktop\drive data\IMG\center_2019_09_25_07_47_11_168.jpg,C:\Users\cttc\Desktop\drive data\IMG\left_2019_09_25_07_47_11_168.jpg,C:\Users\cttc\Desktop\drive data\IMG\right_2019_09_25_07_47_11_168.jpg,0,0,0,17.77109
C:\Users\cttc\Desktop\drive data\IMG\center_2019_09_25_07_47_11_302.jpg,C:\Users\cttc\Desktop\drive data\IMG\left_2019_09_25_07_47_11_302.jpg,C:\Users\cttc\Desktop\drive data\IMG\right_2019_09_25_07_47_11_302.jpg,0,0,0,16.99381
C:\Users\cttc\Desktop\drive data\IMG\center_2019_09_25_07_47_11_432.jpg,C:\Users\cttc\Desktop\drive data\IMG\left_2019_09_25_07_47_11_432.jpg,C:\Users\cttc\Desktop\drive data\IMG\right_2019_09_25_07_47_11_432.jpg,-0.2,0,0,17.26153
C:\Users\cttc\Desktop\drive data\IMG\center_2019_09_25_07_47_11_565.jpg,C:\Users\cttc\Desktop\drive data\IMG\left_2019_09_25_07_47_11_565.jpg,C:\Users\cttc\Desktop\drive data\IMG\right_2019_09_25_07_47_11_565.jpg,-0.5000001,0,0,16.93224
C:\Users\cttc\Desktop\drive data\IMG\center_2019_09_25_07_47_11_633.jpg,C:\Users\cttc\Desktop\drive data\IMG\left_2019_09_25_07_47_11_633.jpg,C:\Users\cttc\Desktop\drive data\IMG\right_2019_09_25_07_47_11_633.jpg,0,0,0,16.7966
C:\Users\cttc\Desktop\drive data\IMG\center_2019_09_25_07_47_11_778.jpg,C:\Users\cttc\Desktop\drive data\IMG\left_2019_09_25_07_47_11_778.jpg,C:\Users\cttc\Desktop\drive data\IMG\right_2019_09_25_07_47_11_778.jpg,0,0,0,16.60196
C:\Users\cttc\Desktop\drive data\IMG\center_2019_09_25_07_47_11_908.jpg,C:\Users\cttc\Desktop\drive data\IMG\left_2019_09_25_07_47_11_908.jpg,C:\Users\cttc\Desktop\drive data\IMG\right_2019_09_25_07_47_11_908.jpg,0,0,0,16.40616
C:\Users\cttc\Desktop\drive data\IMG\center_2019_09_25_07_47_11_970.jpg,C:\Users\cttc\Desktop\drive data\IMG\left_2019_09_25_07_47_11_970.jpg,C:\Users\cttc\Desktop\drive data\IMG\right_2019_09_25_07_47_11_970.jpg,0,0,0,16.27864
C:\Users\cttc\Desktop\drive data\IMG\center_2019_09_25_07_47_12_100.jpg,C:\Users\cttc\Desktop\drive data\IMG\left_2019_09_25_07_47_12_100.jpg,C:\Users\cttc\Desktop\drive data\IMG\right_2019_09_25_07_47_12_100.jpg,0,0.1933281,0,16.13663
C:\Users\cttc\Desktop\drive data\IMG\center_2019_09_25_07_47_12_168.jpg,C:\Users\cttc\Desktop\drive data\IMG\left_2019_09_25_07_47_12_168.jpg,C:\Users\cttc\Desktop\drive data\IMG\right_2019_09_25_07_47_12_168.jpg,0,0.3945693,0,16.38278
C:\Users\cttc\Desktop\drive data\IMG\center_2019_09_25_07_47_12_279.jpg,C:\Users\cttc\Desktop\drive data\IMG\left_2019_09_25_07_47_12_279.jpg,C:\Users\cttc\Desktop\drive data\IMG\right_2019_09_25_07_47_12_279.jpg,0,0.4022748,0,16.60962
C:\Users\cttc\Desktop\drive data\IMG\center_2019_09_25_07_47_12_409.jpg,C:\Users\cttc\Desktop\drive data\IMG\left_2019_09_25_07_47_12_409.jpg,C:\Users\cttc\Desktop\drive data\IMG\right_2019_09_25_07_47_12_409.jpg,0,0.7945455,0,17.33055
C:\Users\cttc\Desktop\drive data\IMG\center_2019_09_25_07_47_12_540.jpg,C:\Users\cttc\Desktop\drive data\IMG\left_2019_09_25_07_47_12_540.jpg,C:\Users\cttc\Desktop\drive data\IMG\right_2019_09_25_07_47_12_540.jpg,0,1,0,18.54158
C:\Users\cttc\Desktop\drive data\IMG\center_2019_09_25_07_47_12_675.jpg,C:\Users\cttc\Desktop\drive data\IMG\left_2019_09_25_07_47_12_675.jpg,C:\Users\cttc\Desktop\drive data\IMG\right_2019_09_25_07_47_12_675.jpg,0,1,0,20.11056
C:\Users\cttc\Desktop\drive data\IMG\center_2019_09_25_07_47_12_806.jpg,C:\Users\cttc\Desktop\drive data\IMG\left_2019_09_25_07_47_12_806.jpg,C:\Users\cttc\Desktop\drive data\IMG\right_2019_09_25_07_47_12_806.jpg,-0.3,0.6071872,0,20.90705
C:\Users\cttc\Desktop\drive data\IMG\center_2019_09_25_07_47_12_872.jpg,C:\Users\cttc\Desktop\drive data\IMG\left_2019_09_25_07_47_12_872.jpg,C:\Users\cttc\Desktop\drive data\IMG\right_2019_09_25_07_47_12_872.jpg,-0.5000001,0.407017,0,21.05001
C:\Users\cttc\Desktop\drive data\IMG\center_2019_09_25_07_47_12_938.jpg,C:\Users\cttc\Desktop\drive data\IMG\left_2019_09_25_07_47_12_938.jpg,C:\Users\cttc\Desktop\drive data\IMG\right_2019_09_25_07_47_12_938.jpg,0,0.206971,0,20.94298
C:\Users\cttc\Desktop\drive data\IMG\center_2019_09_25_07_47_13_071.jpg,C:\Users\cttc\Desktop\drive data\IMG\left_2019_09_25_07_47_13_071.jpg,C:\Users\cttc\Desktop\drive data\IMG\right_2019_09_25_07_47_13_071.jpg,0,0,0,20.61586
C:\Users\cttc\Desktop\drive data\IMG\center_2019_09_25_07_47_13_202.jpg,C:\Users\cttc\Desktop\drive data\IMG\left_2019_09_25_07_47_13_202.jpg,C:\Users\cttc\Desktop\drive data\IMG\right_2019_09_25_07_47_13_202.jpg,-0.15,0,0,20.62689
C:\Users\cttc\Desktop\drive data\IMG\center_2019_09_25_07_47_13_336.jpg,C:\Users\cttc\Desktop\drive data\IMG\left_2019_09_25_07_47_13_336.jpg,C:\Users\cttc\Desktop\drive data\IMG\right_2019_09_25_07_47_13_336.jpg,-0.5000001,0,0,19.9051
C:\Users\cttc\Desktop\drive data\IMG\center_2019_09_25_07_47_13_466.jpg,C:\Users\cttc\Desktop\drive data\IMG\left_2019_09_25_07_47_13_466.jpg,C:\Users\cttc\Desktop\drive data\IMG\right_2019_09_25_07_47_13_466.jpg,0,0,0,19.59897
C:\Users\cttc\Desktop\drive data\IMG\center_2019_09_25_07_47_13_603.jpg,C:\Users\cttc\Desktop\drive data\IMG\left_2019_09_25_07_47_13_603.jpg,C:\Users\cttc\Desktop\drive data\IMG\right_2019_09_25_07_47_13_603.jpg,0,0,0,19.6888
C:\Users\cttc\Desktop\drive data\IMG\center_2019_09_25_07_47_13_735.jpg,C:\Users\cttc\Desktop\drive data\IMG\left_2019_09_25_07_47_13_735.jpg,C:\Users\cttc\Desktop\drive data\IMG\right_2019_09_25_07_47_13_735.jpg,0,0,0,19.00129
C:\Users\cttc\Desktop\drive data\IMG\center_2019_09_25_07_47_13_866.jpg,C:\Users\cttc\Desktop\drive data\IMG\left_2019_09_25_07_47_13_866.jpg,C:\Users\cttc\Desktop\drive data\IMG\right_2019_09_25_07_47_13_866.jpg,-0.3,0,0,18.72535
C:\Users\cttc\Desktop\drive data\IMG\center_2019_09_25_07_47_13_933.jpg,C:\Users\cttc\Desktop\drive data\IMG\left_2019_09_25_07_47_13_933.jpg,C:\Users\cttc\Desktop\drive data\IMG\right_2019_09_25_07_47_13_933.jpg,-0.5000001,0,0,18.48758
C:\Users\cttc\Desktop\drive data\IMG\center_2019_09_25_07_47_14_001.jpg,C:\Users\cttc\Desktop\drive data\IMG\left_2019_09_25_07_47_14_001.jpg,C:\Users\cttc\Desktop\drive data\IMG\right_2019_09_25_07_47_14_001.jpg,0,0,0,18.7956
C:\Users\cttc\Desktop\drive data\IMG\center_2019_09_25_07_47_14_069.jpg,C:\Users\cttc\Desktop\drive data\IMG\left_2019_09_25_07_47_14_069.jpg,C:\Users\cttc\Desktop\drive data\IMG\right_2019_09_25_07_47_14_069.jpg,0,0,0,18.19709
C:\Users\cttc\Desktop\drive data\IMG\center_2019_09_25_07_47_14_202.jpg,C:\Users\cttc\Desktop\drive data\IMG\left_2019_09_25_07_47_14_202.jpg,C:\Users\cttc\Desktop\drive data\IMG\right_2019_09_25_07_47_14_202.jpg,0,0,0,18.42319
C:\Users\cttc\Desktop\drive data\IMG\center_2019_09_25_07_47_14_271.jpg,C:\Users\cttc\Desktop\drive data\IMG\left_2019_09_25_07_47_14_271.jpg,C:\Users\cttc\Desktop\drive data\IMG\right_2019_09_25_07_47_14_271.jpg,0,0,0,18.27833
C:\Users\cttc\Desktop\drive data\IMG\center_2019_09_25_07_47_14_402.jpg,C:\Users\cttc\Desktop\drive data\IMG\left_2019_09_25_07_47_14_402.jpg,C:\Users\cttc\Desktop\drive data\IMG\right_2019_09_25_07_47_14_402.jpg,0,0,0,18.0621
C:\Users\cttc\Desktop\drive data\IMG\center_2019_09_25_07_47_14_472.jpg,C:\Users\cttc\Desktop\drive data\IMG\left_2019_09_25_07_47_14_472.jpg,C:\Users\cttc\Desktop\drive data\IMG\right_2019_09_25_07_47_14_472.jpg,0,0,0,17.91929
C:\Users\cttc\Desktop\drive data\IMG\center_2019_09_25_07_47_14_603.jpg,C:\Users\cttc\Desktop\drive data\IMG\left_2019_09_25_07_47_14_603.jpg,C:\Users\cttc\Desktop\drive data\IMG\right_2019_09_25_07_47_14_603.jpg,0,0,0,17.70711
C:\Users\cttc\Desktop\drive data\IMG\center_2019_09_25_07_47_14_671.jpg,C:\Users\cttc\Desktop\drive data\IMG\left_2019_09_25_07_47_14_671.jpg,C:\Users\cttc\Desktop\drive data\IMG\right_2019_09_25_07_47_14_671.jpg,0,0.2026728,0,17.71371
C:\Users\cttc\Desktop\drive data\IMG\center_2019_09_25_07_47_14_739.jpg,C:\Users\cttc\Desktop\drive data\IMG\left_2019_09_25_07_47_14_739.jpg,C:\Users\cttc\Desktop\drive data\IMG\right_2019_09_25_07_47_14_739.jpg,0,9.030104E-05,0,17.13991
C:\Users\cttc\Desktop\drive data\IMG\center_2019_09_25_07_47_14_805.jpg,C:\Users\cttc\Desktop\drive data\IMG\left_2019_09_25_07_47_14_805.jpg,C:\Users\cttc\Desktop\drive data\IMG\right_2019_09_25_07_47_14_805.jpg,0,0,0,17.55259
C:\Users\cttc\Desktop\drive data\IMG\center_2019_09_25_07_47_14_873.jpg,C:\Users\cttc\Desktop\drive data\IMG\left_2019_09_25_07_47_14_873.jpg,C:\Users\cttc\Desktop\drive data\IMG\right_2019_09_25_07_47_14_873.jpg,0,0,0,17.41337
C:\Users\cttc\Desktop\drive data\IMG\center_2019_09_25_07_47_14_939.jpg,C:\Users\cttc\Desktop\drive data\IMG\left_2019_09_25_07_47_14_939.jpg,C:\Users\cttc\Desktop\drive data\IMG\right_2019_09_25_07_47_14_939.jpg,0,0,0,16.77243
C:\Users\cttc\Desktop\drive data\IMG\center_2019_09_25_07_47_15_007.jpg,C:\Users\cttc\Desktop\drive data\IMG\left_2019_09_25_07_47_15_007.jpg,C:\Users\cttc\Desktop\drive data\IMG\right_2019_09_25_07_47_15_007.jpg,0,0,0,17.20702
C:\Users\cttc\Desktop\drive data\IMG\center_2019_09_25_07_47_15_075.jpg,C:\Users\cttc\Desktop\drive data\IMG\left_2019_09_25_07_47_15_075.jpg,C:\Users\cttc\Desktop\drive data\IMG\right_2019_09_25_07_47_15_075.jpg,0,0,0,17.07086
C:\Users\cttc\Desktop\drive data\IMG\center_2019_09_25_07_47_15_143.jpg,C:\Users\cttc\Desktop\drive data\IMG\left_2019_09_25_07_47_15_143.jpg,C:\Users\cttc\Desktop\drive data\IMG\right_2019_09_25_07_47_15_143.jpg,0,0,0,16.4257
C:\Users\cttc\Desktop\drive data\IMG\center_2019_09_25_07_47_15_212.jpg,C:\Users\cttc\Desktop\drive data\IMG\left_2019_09_25_07_47_15_212.jpg,C:\Users\cttc\Desktop\drive data\IMG\right_2019_09_25_07_47_15_212.jpg,0,0.2048631,0,16.49405
C:\Users\cttc\Desktop\drive data\IMG\center_2019_09_25_07_47_15_279.jpg,C:\Users\cttc\Desktop\drive data\IMG\left_2019_09_25_07_47_15_279.jpg,C:\Users\cttc\Desktop\drive data\IMG\right_2019_09_25_07_47_15_279.jpg,0,0.4101948,0,17.11626
C:\Users\cttc\Desktop\drive data\IMG\center_2019_09_25_07_47_15_413.jpg,C:\Users\cttc\Desktop\drive data\IMG\left_2019_09_25_07_47_15_413.jpg,C:\Users\cttc\Desktop\drive data\IMG\right_2019_09_25_07_47_15_413.jpg,0,0.4091793,0,17.353
C:\Users\cttc\Desktop\drive data\IMG\center_2019_09_25_07_47_15_481.jpg,C:\Users\cttc\Desktop\drive data\IMG\left_2019_09_25_07_47_15_481.jpg,C:\Users\cttc\Desktop\drive data\IMG\right_2019_09_25_07_47_15_481.jpg,0,0.204933,0,17.79768
C:\Users\cttc\Desktop\drive data\IMG\center_2019_09_25_07_47_15_550.jpg,C:\Users\cttc\Desktop\drive data\IMG\left_2019_09_25_07_47_15_550.jpg,C:\Users\cttc\Desktop\drive data\IMG\right_2019_09_25_07_47_15_550.jpg,0,0,0,17.24945
C:\Users\cttc\Desktop\drive data\IMG\center_2019_09_25_07_47_15_687.jpg,C:\Users\cttc\Desktop\drive data\IMG\left_2019_09_25_07_47_15_687.jpg,C:\Users\cttc\Desktop\drive data\IMG\right_2019_09_25_07_47_15_687.jpg,-0.15,0,0,17.5028
C:\Users\cttc\Desktop\drive data\IMG\center_2019_09_25_07_47_15_756.jpg,C:\Users\cttc\Desktop\drive data\IMG\left_2019_09_25_07_47_15_756.jpg,C:\Users\cttc\Desktop\drive data\IMG\right_2019_09_25_07_47_15_756.jpg,-0.35,0,0,17.30375
C:\Users\cttc\Desktop\drive data\IMG\center_2019_09_25_07_47_15_826.jpg,C:\Users\cttc\Desktop\drive data\IMG\left_2019_09_25_07_47_15_826.jpg,C:\Users\cttc\Desktop\drive data\IMG\right_2019_09_25_07_47_15_826.jpg,-0.5000001,0,0,16.64426
C:\Users\cttc\Desktop\drive data\IMG\center_2019_09_25_07_47_15_898.jpg,C:\Users\cttc\Desktop\drive data\IMG\left_2019_09_25_07_47_15_898.jpg,C:\Users\cttc\Desktop\drive data\IMG\right_2019_09_25_07_47_15_898.jpg,0,0,0,16.45584
C:\Users\cttc\Desktop\drive data\IMG\center_2019_09_25_07_47_15_990.jpg,C:\Users\cttc\Desktop\drive data\IMG\left_2019_09_25_07_47_15_990.jpg,C:\Users\cttc\Desktop\drive data\IMG\right_2019_09_25_07_47_15_990.jpg,0,0,0,16.31345
C:\Users\cttc\Desktop\drive data\IMG\center_2019_09_25_07_47_16_062.jpg,C:\Users\cttc\Desktop\drive data\IMG\left_2019_09_25_07_47_16_062.jpg,C:\Users\cttc\Desktop\drive data\IMG\right_2019_09_25_07_47_16_062.jpg,-0.15,0,0,16.75109
C:\Users\cttc\Desktop\drive data\IMG\center_2019_09_25_07_47_16_135.jpg,C:\Users\cttc\Desktop\drive data\IMG\left_2019_09_25_07_47_16_135.jpg,C:\Users\cttc\Desktop\drive data\IMG\right_2019_09_25_07_47_16_135.jpg,-0.35,0,0,16.56663
C:\Users\cttc\Desktop\drive data\IMG\center_2019_09_25_07_47_16_187.jpg,C:\Users\cttc\Desktop\drive data\IMG\left_2019_09_25_07_47_16_187.jpg,C:\Users\cttc\Desktop\drive data\IMG\right_2019_09_25_07_47_16_187.jpg,-0.5000001,0,0,15.89739
C:\Users\cttc\Desktop\drive data\IMG\center_2019_09_25_07_47_16_258.jpg,C:\Users\cttc\Desktop\drive data\IMG\left_2019_09_25_07_47_16_258.jpg,C:\Users\cttc\Desktop\drive data\IMG\right_2019_09_25_07_47_16_258.jpg,0,0,0,15.71691
C:\Users\cttc\Desktop\drive data\IMG\center_2019_09_25_07_47_16_412.jpg,C:\Users\cttc\Desktop\drive data\IMG\left_2019_09_25_07_47_16_412.jpg,C:\Users\cttc\Desktop\drive data\IMG\right_2019_09_25_07_47_16_412.jpg,0,0,0,16.04257
C:\Users\cttc\Desktop\drive data\IMG\center_2019_09_25_07_47_16_478.jpg,C:\Users\cttc\Desktop\drive data\IMG\left_2019_09_25_07_47_16_478.jpg,C:\Users\cttc\Desktop\drive data\IMG\right_2019_09_25_07_47_16_478.jpg,0,0,0,15.41211
C:\Users\cttc\Desktop\drive data\IMG\center_2019_09_25_07_47_16_607.jpg,C:\Users\cttc\Desktop\drive data\IMG\left_2019_09_25_07_47_16_607.jpg,C:\Users\cttc\Desktop\drive data\IMG\right_2019_09_25_07_47_16_607.jpg,0,0,0,15.24228
C:\Users\cttc\Desktop\drive data\IMG\center_2019_09_25_07_47_16_673.jpg,C:\Users\cttc\Desktop\drive data\IMG\left_2019_09_25_07_47_16_673.jpg,C:\Users\cttc\Desktop\drive data\IMG\right_2019_09_25_07_47_16_673.jpg,0,0,0,15.12701
C:\Users\cttc\Desktop\drive data\IMG\center_2019_09_25_07_47_16_804.jpg,C:\Users\cttc\Desktop\drive data\IMG\left_2019_09_25_07_47_16_804.jpg,C:\Users\cttc\Desktop\drive data\IMG\right_2019_09_25_07_47_16_804.jpg,0,0,0,14.94569
C:\Users\cttc\Desktop\drive data\IMG\center_2019_09_25_07_47_16_935.jpg,C:\Users\cttc\Desktop\drive data\IMG\left_2019_09_25_07_47_16_935.jpg,C:\Users\cttc\Desktop\drive data\IMG\right_2019_09_25_07_47_16_935.jpg,0,0,0,15.25259
C:\Users\cttc\Desktop\drive data\IMG\center_2019_09_25_07_47_17_069.jpg,C:\Users\cttc\Desktop\drive data\IMG\left_2019_09_25_07_47_17_069.jpg,C:\Users\cttc\Desktop\drive data\IMG\right_2019_09_25_07_47_17_069.jpg,0,0,0,14.53005
C:\Users\cttc\Desktop\drive data\IMG\center_2019_09_25_07_47_17_134.jpg,C:\Users\cttc\Desktop\drive data\IMG\left_2019_09_25_07_47_17_134.jpg,C:\Users\cttc\Desktop\drive data\IMG\right_2019_09_25_07_47_17_134.jpg,0,0,0,14.95386
C:\Users\cttc\Desktop\drive data\IMG\center_2019_09_25_07_47_17_260.jpg,C:\Users\cttc\Desktop\drive data\IMG\left_2019_09_25_07_47_17_260.jpg,C:\Users\cttc\Desktop\drive data\IMG\right_2019_09_25_07_47_17_260.jpg,0,0,0,14.77729
C:\Users\cttc\Desktop\drive data\IMG\center_2019_09_25_07_47_17_327.jpg,C:\Users\cttc\Desktop\drive data\IMG\left_2019_09_25_07_47_17_327.jpg,C:\Users\cttc\Desktop\drive data\IMG\right_2019_09_25_07_47_17_327.jpg,-0.2,0,0,14.64644
C:\Users\cttc\Desktop\drive data\IMG\center_2019_09_25_07_47_17_461.jpg,C:\Users\cttc\Desktop\drive data\IMG\left_2019_09_25_07_47_17_461.jpg,C:\Users\cttc\Desktop\drive data\IMG\right_2019_09_25_07_47_17_461.jpg,-0.5500001,0,0,13.82629
C:\Users\cttc\Desktop\drive data\IMG\center_2019_09_25_07_47_17_594.jpg,C:\Users\cttc\Desktop\drive data\IMG\left_2019_09_25_07_47_17_594.jpg,C:\Users\cttc\Desktop\drive data\IMG\right_2019_09_25_07_47_17_594.jpg,-0.8500001,0,0,13.49901
C:\Users\cttc\Desktop\drive data\IMG\center_2019_09_25_07_47_17_662.jpg,C:\Users\cttc\Desktop\drive data\IMG\left_2019_09_25_07_47_17_662.jpg,C:\Users\cttc\Desktop\drive data\IMG\right_2019_09_25_07_47_17_662.jpg,0,0,0,13.75193
C:\Users\cttc\Desktop\drive data\IMG\center_2019_09_25_07_47_17_791.jpg,C:\Users\cttc\Desktop\drive data\IMG\left_2019_09_25_07_47_17_791.jpg,C:\Users\cttc\Desktop\drive data\IMG\right_2019_09_25_07_47_17_791.jpg,0,0,0,13.07933
C:\Users\cttc\Desktop\drive data\IMG\center_2019_09_25_07_47_17_856.jpg,C:\Users\cttc\Desktop\drive data\IMG\left_2019_09_25_07_47_17_856.jpg,C:\Users\cttc\Desktop\drive data\IMG\right_2019_09_25_07_47_17_856.jpg,0,0,0,13.45421
C:\Users\cttc\Desktop\drive data\IMG\center_2019_09_25_07_47_17_977.jpg,C:\Users\cttc\Desktop\drive data\IMG\left_2019_09_25_07_47_17_977.jpg,C:\Users\cttc\Desktop\drive data\IMG\right_2019_09_25_07_47_17_977.jpg,0,0,0,13.29061
C:\Users\cttc\Desktop\drive data\IMG\center_2019_09_25_07_47_18_108.jpg,C:\Users\cttc\Desktop\drive data\IMG\left_2019_09_25_07_47_18_108.jpg,C:\Users\cttc\Desktop\drive data\IMG\right_2019_09_25_07_47_18_108.jpg,0,0,0,12.52201
C:\Users\cttc\Desktop\drive data\IMG\center_2019_09_25_07_47_18_241.jpg,C:\Users\cttc\Desktop\drive data\IMG\left_2019_09_25_07_47_18_241.jpg,C:\Users\cttc\Desktop\drive data\IMG\right_2019_09_25_07_47_18_241.jpg,0,0.1963086,0,12.64271
C:\Users\cttc\Desktop\drive data\IMG\center_2019_09_25_07_47_18_367.jpg,C:\Users\cttc\Desktop\drive data\IMG\left_2019_09_25_07_47_18_367.jpg,C:\Users\cttc\Desktop\drive data\IMG\right_2019_09_25_07_47_18_367.jpg,0,0.1992219,0,12.8282
C:\Users\cttc\Desktop\drive data\IMG\center_2019_09_25_07_47_18_496.jpg,C:\Users\cttc\Desktop\drive data\IMG\left_2019_09_25_07_47_18_496.jpg,C:\Users\cttc\Desktop\drive data\IMG\right_2019_09_25_07_47_18_496.jpg,0,0,0,13.19703
C:\Users\cttc\Desktop\drive data\IMG\center_2019_09_25_07_47_18_617.jpg,C:\Users\cttc\Desktop\drive data\IMG\left_2019_09_25_07_47_18_617.jpg,C:\Users\cttc\Desktop\drive data\IMG\right_2019_09_25_07_47_18_617.jpg,0,0,0,13.00104
C:\Users\cttc\Desktop\drive data\IMG\center_2019_09_25_07_47_18_743.jpg,C:\Users\cttc\Desktop\drive data\IMG\left_2019_09_25_07_47_18_743.jpg,C:\Users\cttc\Desktop\drive data\IMG\right_2019_09_25_07_47_18_743.jpg,0,0,0,12.24929
C:\Users\cttc\Desktop\drive data\IMG\center_2019_09_25_07_47_18_809.jpg,C:\Users\cttc\Desktop\drive data\IMG\left_2019_09_25_07_47_18_809.jpg,C:\Users\cttc\Desktop\drive data\IMG\right_2019_09_25_07_47_18_809.jpg,0,0,0,12.72752
C:\Users\cttc\Desktop\drive data\IMG\center_2019_09_25_07_47_18_932.jpg,C:\Users\cttc\Desktop\drive data\IMG\left_2019_09_25_07_47_18_932.jpg,C:\Users\cttc\Desktop\drive data\IMG\right_2019_09_25_07_47_18_932.jpg,0,0,0,12.57077
C:\Users\cttc\Desktop\drive data\IMG\center_2019_09_25_07_47_19_061.jpg,C:\Users\cttc\Desktop\drive data\IMG\left_2019_09_25_07_47_19_061.jpg,C:\Users\cttc\Desktop\drive data\IMG\right_2019_09_25_07_47_19_061.jpg,0,0,0,11.84068
C:\Users\cttc\Desktop\drive data\IMG\center_2019_09_25_07_47_19_192.jpg,C:\Users\cttc\Desktop\drive data\IMG\left_2019_09_25_07_47_19_192.jpg,C:\Users\cttc\Desktop\drive data\IMG\right_2019_09_25_07_47_19_192.jpg,0,0,0,11.69304
C:\Users\cttc\Desktop\drive data\IMG\center_2019_09_25_07_47_19_317.jpg,C:\Users\cttc\Desktop\drive data\IMG\left_2019_09_25_07_47_19_317.jpg,C:\Users\cttc\Desktop\drive data\IMG\right_2019_09_25_07_47_19_317.jpg,0,0,0,11.54109
C:\Users\cttc\Desktop\drive data\IMG\center_2019_09_25_07_47_19_445.jpg,C:\Users\cttc\Desktop\drive data\IMG\left_2019_09_25_07_47_19_445.jpg,C:\Users\cttc\Desktop\drive data\IMG\right_2019_09_25_07_47_19_445.jpg,0,0,0,11.92107
C:\Users\cttc\Desktop\drive data\IMG\center_2019_09_25_07_47_19_515.jpg,C:\Users\cttc\Desktop\drive data\IMG\left_2019_09_25_07_47_19_515.jpg,C:\Users\cttc\Desktop\drive data\IMG\right_2019_09_25_07_47_19_515.jpg,0,0,0,11.30696
C:\Users\cttc\Desktop\drive data\IMG\center_2019_09_25_07_47_19_636.jpg,C:\Users\cttc\Desktop\drive data\IMG\left_2019_09_25_07_47_19_636.jpg,C:\Users\cttc\Desktop\drive data\IMG\right_2019_09_25_07_47_19_636.jpg,0,0,0,11.17075
C:\Users\cttc\Desktop\drive data\IMG\center_2019_09_25_07_47_19_764.jpg,C:\Users\cttc\Desktop\drive data\IMG\left_2019_09_25_07_47_19_764.jpg,C:\Users\cttc\Desktop\drive data\IMG\right_2019_09_25_07_47_19_764.jpg,0,0,0,11.26745
C:\Users\cttc\Desktop\drive data\IMG\center_2019_09_25_07_47_19_893.jpg,C:\Users\cttc\Desktop\drive data\IMG\left_2019_09_25_07_47_19_893.jpg,C:\Users\cttc\Desktop\drive data\IMG\right_2019_09_25_07_47_19_893.jpg,0,0,0,11.26471
C:\Users\cttc\Desktop\drive data\IMG\center_2019_09_25_07_47_20_011.jpg,C:\Users\cttc\Desktop\drive data\IMG\left_2019_09_25_07_47_20_011.jpg,C:\Users\cttc\Desktop\drive data\IMG\right_2019_09_25_07_47_20_011.jpg,0,0,0,11.08663
C:\Users\cttc\Desktop\drive data\IMG\center_2019_09_25_07_47_20_138.jpg,C:\Users\cttc\Desktop\drive data\IMG\left_2019_09_25_07_47_20_138.jpg,C:\Users\cttc\Desktop\drive data\IMG\right_2019_09_25_07_47_20_138.jpg,0,0,0,10.95322
C:\Users\cttc\Desktop\drive data\IMG\center_2019_09_25_07_47_20_269.jpg,C:\Users\cttc\Desktop\drive data\IMG\left_2019_09_25_07_47_20_269.jpg,C:\Users\cttc\Desktop\drive data\IMG\right_2019_09_25_07_47_20_269.jpg,0,0,0,10.82143
C:\Users\cttc\Desktop\drive data\IMG\center_2019_09_25_07_47_20_394.jpg,C:\Users\cttc\Desktop\drive data\IMG\left_2019_09_25_07_47_20_394.jpg,C:\Users\cttc\Desktop\drive data\IMG\right_2019_09_25_07_47_20_394.jpg,0,0,0,10.66966
C:\Users\cttc\Desktop\drive data\IMG\center_2019_09_25_07_47_20_526.jpg,C:\Users\cttc\Desktop\drive data\IMG\left_2019_09_25_07_47_20_526.jpg,C:\Users\cttc\Desktop\drive data\IMG\right_2019_09_25_07_47_20_526.jpg,0,0,0,10.54128
C:\Users\cttc\Desktop\drive data\IMG\center_2019_09_25_07_47_20_649.jpg,C:\Users\cttc\Desktop\drive data\IMG\left_2019_09_25_07_47_20_649.jpg,C:\Users\cttc\Desktop\drive data\IMG\right_2019_09_25_07_47_20_649.jpg,0,0,0,10.41444
C:\Users\cttc\Desktop\drive data\IMG\center_2019_09_25_07_47_20_776.jpg,C:\Users\cttc\Desktop\drive data\IMG\left_2019_09_25_07_47_20_776.jpg,C:\Users\cttc\Desktop\drive data\IMG\right_2019_09_25_07_47_20_776.jpg,0,0.3814392,0,10.70673
C:\Users\cttc\Desktop\drive data\IMG\center_2019_09_25_07_47_20_905.jpg,C:\Users\cttc\Desktop\drive data\IMG\left_2019_09_25_07_47_20_905.jpg,C:\Users\cttc\Desktop\drive data\IMG\right_2019_09_25_07_47_20_905.jpg,0,0.3953148,0,11.00626
C:\Users\cttc\Desktop\drive data\IMG\center_2019_09_25_07_47_21_029.jpg,C:\Users\cttc\Desktop\drive data\IMG\left_2019_09_25_07_47_21_029.jpg,C:\Users\cttc\Desktop\drive data\IMG\right_2019_09_25_07_47_21_029.jpg,0,0.3941346,0,11.20156
C:\Users\cttc\Desktop\drive data\IMG\center_2019_09_25_07_47_21_106.jpg,C:\Users\cttc\Desktop\drive data\IMG\left_2019_09_25_07_47_21_106.jpg,C:\Users\cttc\Desktop\drive data\IMG\right_2019_09_25_07_47_21_106.jpg,0,0.191187,0,11.56208
C:\Users\cttc\Desktop\drive data\IMG\center_2019_09_25_07_47_21_231.jpg,C:\Users\cttc\Desktop\drive data\IMG\left_2019_09_25_07_47_21_231.jpg,C:\Users\cttc\Desktop\drive data\IMG\right_2019_09_25_07_47_21_231.jpg,0,0.1822233,0,11.66697
C:\Users\cttc\Desktop\drive data\IMG\center_2019_09_25_07_47_21_363.jpg,C:\Users\cttc\Desktop\drive data\IMG\left_2019_09_25_07_47_21_363.jpg,C:\Users\cttc\Desktop\drive data\IMG\right_2019_09_25_07_47_21_363.jpg,0,0,0,11.73347
C:\Users\cttc\Desktop\drive data\IMG\center_2019_09_25_07_47_21_495.jpg,C:\Users\cttc\Desktop\drive data\IMG\left_2019_09_25_07_47_21_495.jpg,C:\Users\cttc\Desktop\drive data\IMG\right_2019_09_25_07_47_21_495.jpg,0,0,0,11.94217
C:\Users\cttc\Desktop\drive data\IMG\center_2019_09_25_07_47_21_622.jpg,C:\Users\cttc\Desktop\drive data\IMG\left_2019_09_25_07_47_21_622.jpg,C:\Users\cttc\Desktop\drive data\IMG\right_2019_09_25_07_47_21_622.jpg,0,0,0,11.79264
C:\Users\cttc\Desktop\drive data\IMG\center_2019_09_25_07_47_21_750.jpg,C:\Users\cttc\Desktop\drive data\IMG\left_2019_09_25_07_47_21_750.jpg,C:\Users\cttc\Desktop\drive data\IMG\right_2019_09_25_07_47_21_750.jpg,0,0,0,11.39734
C:\Users\cttc\Desktop\drive data\IMG\center_2019_09_25_07_47_21_879.jpg,C:\Users\cttc\Desktop\drive data\IMG\left_2019_09_25_07_47_21_879.jpg,C:\Users\cttc\Desktop\drive data\IMG\right_2019_09_25_07_47_21_879.jpg,0,0,0,11.23793
C:\Users\cttc\Desktop\drive data\IMG\center_2019_09_25_07_47_21_929.jpg,C:\Users\cttc\Desktop\drive data\IMG\left_2019_09_25_07_47_21_929.jpg,C:\Users\cttc\Desktop\drive data\IMG\right_2019_09_25_07_47_21_929.jpg,0,0,0,11.1538
C:\Users\cttc\Desktop\drive data\IMG\center_2019_09_25_07_47_22_054.jpg,C:\Users\cttc\Desktop\drive data\IMG\left_2019_09_25_07_47_22_054.jpg,C:\Users\cttc\Desktop\drive data\IMG\right_2019_09_25_07_47_22_054.jpg,0,0,0,10.99732
C:\Users\cttc\Desktop\drive data\IMG\center_2019_09_25_07_47_22_184.jpg,C:\Users\cttc\Desktop\drive data\IMG\left_2019_09_25_07_47_22_184.jpg,C:\Users\cttc\Desktop\drive data\IMG\right_2019_09_25_07_47_22_184.jpg,0,0,0,10.865
C:\Users\cttc\Desktop\drive data\IMG\center_2019_09_25_07_47_22_313.jpg,C:\Users\cttc\Desktop\drive data\IMG\left_2019_09_25_07_47_22_313.jpg,C:\Users\cttc\Desktop\drive data\IMG\right_2019_09_25_07_47_22_313.jpg,0,0,0,10.71262
C:\Users\cttc\Desktop\drive data\IMG\center_2019_09_25_07_47_22_442.jpg,C:\Users\cttc\Desktop\drive data\IMG\left_2019_09_25_07_47_22_442.jpg,C:\Users\cttc\Desktop\drive data\IMG\right_2019_09_25_07_47_22_442.jpg,0,0,0,10.58372
C:\Users\cttc\Desktop\drive data\IMG\center_2019_09_25_07_47_22_571.jpg,C:\Users\cttc\Desktop\drive data\IMG\left_2019_09_25_07_47_22_571.jpg,C:\Users\cttc\Desktop\drive data\IMG\right_2019_09_25_07_47_22_571.jpg,0,0,0,10.43529
C:\Users\cttc\Desktop\drive data\IMG\center_2019_09_25_07_47_22_699.jpg,C:\Users\cttc\Desktop\drive data\IMG\left_2019_09_25_07_47_22_699.jpg,C:\Users\cttc\Desktop\drive data\IMG\right_2019_09_25_07_47_22_699.jpg,0,0,0,10.30973
C:\Users\cttc\Desktop\drive data\IMG\center_2019_09_25_07_47_22_828.jpg,C:\Users\cttc\Desktop\drive data\IMG\left_2019_09_25_07_47_22_828.jpg,C:\Users\cttc\Desktop\drive data\IMG\right_2019_09_25_07_47_22_828.jpg,0,0,0,10.18567
C:\Users\cttc\Desktop\drive data\IMG\center_2019_09_25_07_47_22_956.jpg,C:\Users\cttc\Desktop\drive data\IMG\left_2019_09_25_07_47_22_956.jpg,C:\Users\cttc\Desktop\drive data\IMG\right_2019_09_25_07_47_22_956.jpg,0,0,0,10.04282
C:\Users\cttc\Desktop\drive data\IMG\center_2019_09_25_07_47_23_087.jpg,C:\Users\cttc\Desktop\drive data\IMG\left_2019_09_25_07_47_23_087.jpg,C:\Users\cttc\Desktop\drive data\IMG\right_2019_09_25_07_47_23_087.jpg,0,0,0,9.921982
C:\Users\cttc\Desktop\drive data\IMG\center_2019_09_25_07_47_23_218.jpg,C:\Users\cttc\Desktop\drive data\IMG\left_2019_09_25_07_47_23_218.jpg,C:\Users\cttc\Desktop\drive data\IMG\right_2019_09_25_07_47_23_218.jpg,0,0,0,9.782835
C:\Users\cttc\Desktop\drive data\IMG\center_2019_09_25_07_47_23_345.jpg,C:\Users\cttc\Desktop\drive data\IMG\left_2019_09_25_07_47_23_345.jpg,C:\Users\cttc\Desktop\drive data\IMG\right_2019_09_25_07_47_23_345.jpg,0,0,0,9.665123
C:\Users\cttc\Desktop\drive data\IMG\center_2019_09_25_07_47_23_473.jpg,C:\Users\cttc\Desktop\drive data\IMG\left_2019_09_25_07_47_23_473.jpg,C:\Users\cttc\Desktop\drive data\IMG\right_2019_09_25_07_47_23_473.jpg,0,0,0,9.522979
C:\Users\cttc\Desktop\drive data\IMG\center_2019_09_25_07_47_23_608.jpg,C:\Users\cttc\Desktop\drive data\IMG\left_2019_09_25_07_47_23_608.jpg,C:\Users\cttc\Desktop\drive data\IMG\right_2019_09_25_07_47_23_608.jpg,0,0.208119,0,9.543814
C:\Users\cttc\Desktop\drive data\IMG\center_2019_09_25_07_47_23_734.jpg,C:\Users\cttc\Desktop\drive data\IMG\left_2019_09_25_07_47_23_734.jpg,C:\Users\cttc\Desktop\drive data\IMG\right_2019_09_25_07_47_23_734.jpg,0,0.5853225,0,10.23171
C:\Users\cttc\Desktop\drive data\IMG\center_2019_09_25_07_47_23_802.jpg,C:\Users\cttc\Desktop\drive data\IMG\left_2019_09_25_07_47_23_802.jpg,C:\Users\cttc\Desktop\drive data\IMG\right_2019_09_25_07_47_23_802.jpg,0,0.3801567,0,10.46364
C:\Users\cttc\Desktop\drive data\IMG\center_2019_09_25_07_47_23_935.jpg,C:\Users\cttc\Desktop\drive data\IMG\left_2019_09_25_07_47_23_935.jpg,C:\Users\cttc\Desktop\drive data\IMG\right_2019_09_25_07_47_23_935.jpg,0,0.3610349,0,11.08076
C:\Users\cttc\Desktop\drive data\IMG\center_2019_09_25_07_47_24_062.jpg,C:\Users\cttc\Desktop\drive data\IMG\left_2019_09_25_07_47_24_062.jpg,C:\Users\cttc\Desktop\drive data\IMG\right_2019_09_25_07_47_24_062.jpg,0,0,0,11.10684
C:\Users\cttc\Desktop\drive data\IMG\center_2019_09_25_07_47_24_131.jpg,C:\Users\cttc\Desktop\drive data\IMG\left_2019_09_25_07_47_24_131.jpg,C:\Users\cttc\Desktop\drive data\IMG\right_2019_09_25_07_47_24_131.jpg,0,0.2033802,0,11.19709
C:\Users\cttc\Desktop\drive data\IMG\center_2019_09_25_07_47_24_261.jpg,C:\Users\cttc\Desktop\drive data\IMG\left_2019_09_25_07_47_24_261.jpg,C:\Users\cttc\Desktop\drive data\IMG\right_2019_09_25_07_47_24_261.jpg,0,0,0,11.08667
C:\Users\cttc\Desktop\drive data\IMG\center_2019_09_25_07_47_24_392.jpg,C:\Users\cttc\Desktop\drive data\IMG\left_2019_09_25_07_47_24_392.jpg,C:\Users\cttc\Desktop\drive data\IMG\right_2019_09_25_07_47_24_392.jpg,0,0.3903501,0,11.59408
C:\Users\cttc\Desktop\drive data\IMG\center_2019_09_25_07_47_24_530.jpg,C:\Users\cttc\Desktop\drive data\IMG\left_2019_09_25_07_47_24_530.jpg,C:\Users\cttc\Desktop\drive data\IMG\right_2019_09_25_07_47_24_530.jpg,0,0,0,11.20435
C:\Users\cttc\Desktop\drive data\IMG\center_2019_09_25_07_47_24_666.jpg,C:\Users\cttc\Desktop\drive data\IMG\left_2019_09_25_07_47_24_666.jpg,C:\Users\cttc\Desktop\drive data\IMG\right_2019_09_25_07_47_24_666.jpg,0,0,0,11.28605
C:\Users\cttc\Desktop\drive data\IMG\center_2019_09_25_07_47_24_798.jpg,C:\Users\cttc\Desktop\drive data\IMG\left_2019_09_25_07_47_24_798.jpg,C:\Users\cttc\Desktop\drive data\IMG\right_2019_09_25_07_47_24_798.jpg,0,0,0,11.15863
C:\Users\cttc\Desktop\drive data\IMG\center_2019_09_25_07_47_24_851.jpg,C:\Users\cttc\Desktop\drive data\IMG\left_2019_09_25_07_47_24_851.jpg,C:\Users\cttc\Desktop\drive data\IMG\right_2019_09_25_07_47_24_851.jpg,0,0,0,11.06884
C:\Users\cttc\Desktop\drive data\IMG\center_2019_09_25_07_47_24_919.jpg,C:\Users\cttc\Desktop\drive data\IMG\left_2019_09_25_07_47_24_919.jpg,C:\Users\cttc\Desktop\drive data\IMG\right_2019_09_25_07_47_24_919.jpg,0,0,0,11.00204
C:\Users\cttc\Desktop\drive data\IMG\center_2019_09_25_07_47_25_049.jpg,C:\Users\cttc\Desktop\drive data\IMG\left_2019_09_25_07_47_25_049.jpg,C:\Users\cttc\Desktop\drive data\IMG\right_2019_09_25_07_47_25_049.jpg,0,0,0,10.86966
C:\Users\cttc\Desktop\drive data\IMG\center_2019_09_25_07_47_25_117.jpg,C:\Users\cttc\Desktop\drive data\IMG\left_2019_09_25_07_47_25_117.jpg,C:\Users\cttc\Desktop\drive data\IMG\right_2019_09_25_07_47_25_117.jpg,0,0,0,10.78228
C:\Users\cttc\Desktop\drive data\IMG\center_2019_09_25_07_47_25_187.jpg,C:\Users\cttc\Desktop\drive data\IMG\left_2019_09_25_07_47_25_187.jpg,C:\Users\cttc\Desktop\drive data\IMG\right_2019_09_25_07_47_25_187.jpg,0,0.2068191,0,10.85004
C:\Users\cttc\Desktop\drive data\IMG\center_2019_09_25_07_47_25_315.jpg,C:\Users\cttc\Desktop\drive data\IMG\left_2019_09_25_07_47_25_315.jpg,C:\Users\cttc\Desktop\drive data\IMG\right_2019_09_25_07_47_25_315.jpg,0,0.1858404,0,11.16242
C:\Users\cttc\Desktop\drive data\IMG\center_2019_09_25_07_47_25_383.jpg,C:\Users\cttc\Desktop\drive data\IMG\left_2019_09_25_07_47_25_383.jpg,C:\Users\cttc\Desktop\drive data\IMG\right_2019_09_25_07_47_25_383.jpg,0,0,0,11.11183
C:\Users\cttc\Desktop\drive data\IMG\center_2019_09_25_07_47_25_450.jpg,C:\Users\cttc\Desktop\drive data\IMG\left_2019_09_25_07_47_25_450.jpg,C:\Users\cttc\Desktop\drive data\IMG\right_2019_09_25_07_47_25_450.jpg,0,0,0,11.02252
C:\Users\cttc\Desktop\drive data\IMG\center_2019_09_25_07_47_25_520.jpg,C:\Users\cttc\Desktop\drive data\IMG\left_2019_09_25_07_47_25_520.jpg,C:\Users\cttc\Desktop\drive data\IMG\right_2019_09_25_07_47_25_520.jpg,0,0.2081913,0,11.08941
C:\Users\cttc\Desktop\drive data\IMG\center_2019_09_25_07_47_25_590.jpg,C:\Users\cttc\Desktop\drive data\IMG\left_2019_09_25_07_47_25_590.jpg,C:\Users\cttc\Desktop\drive data\IMG\right_2019_09_25_07_47_25_590.jpg,0,0.4161837,0,11.35378
C:\Users\cttc\Desktop\drive data\IMG\center_2019_09_25_07_47_25_670.jpg,C:\Users\cttc\Desktop\drive data\IMG\left_2019_09_25_07_47_25_670.jpg,C:\Users\cttc\Desktop\drive data\IMG\right_2019_09_25_07_47_25_670.jpg,0,0.6230898,0,11.73568
C:\Users\cttc\Desktop\drive data\IMG\center_2019_09_25_07_47_25_741.jpg,C:\Users\cttc\Desktop\drive data\IMG\left_2019_09_25_07_47_25_741.jpg,C:\Users\cttc\Desktop\drive data\IMG\right_2019_09_25_07_47_25_741.jpg,0,0.835719,0,12.13596
C:\Users\cttc\Desktop\drive data\IMG\center_2019_09_25_07_47_25_810.jpg,C:\Users\cttc\Desktop\drive data\IMG\left_2019_09_25_07_47_25_810.jpg,C:\Users\cttc\Desktop\drive data\IMG\right_2019_09_25_07_47_25_810.jpg,0,1,0,13.16381
C:\Users\cttc\Desktop\drive data\IMG\center_2019_09_25_07_47_25_866.jpg,C:\Users\cttc\Desktop\drive data\IMG\left_2019_09_25_07_47_25_866.jpg,C:\Users\cttc\Desktop\drive data\IMG\right_2019_09_25_07_47_25_866.jpg,0,0.7953127,0,13.53022
C:\Users\cttc\Desktop\drive data\IMG\center_2019_09_25_07_47_25_947.jpg,C:\Users\cttc\Desktop\drive data\IMG\left_2019_09_25_07_47_25_947.jpg,C:\Users\cttc\Desktop\drive data\IMG\right_2019_09_25_07_47_25_947.jpg,0,0.5926915,0,14.3415
C:\Users\cttc\Desktop\drive data\IMG\center_2019_09_25_07_47_26_015.jpg,C:\Users\cttc\Desktop\drive data\IMG\left_2019_09_25_07_47_26_015.jpg,C:\Users\cttc\Desktop\drive data\IMG\right_2019_09_25_07_47_26_015.jpg,0,0.3889357,0,14.10041
C:\Users\cttc\Desktop\drive data\IMG\center_2019_09_25_07_47_26_084.jpg,C:\Users\cttc\Desktop\drive data\IMG\left_2019_09_25_07_47_26_084.jpg,C:\Users\cttc\Desktop\drive data\IMG\right_2019_09_25_07_47_26_084.jpg,0,0.1756693,0,14.1263
C:\Users\cttc\Desktop\drive data\IMG\center_2019_09_25_07_47_26_150.jpg,C:\Users\cttc\Desktop\drive data\IMG\left_2019_09_25_07_47_26_150.jpg,C:\Users\cttc\Desktop\drive data\IMG\right_2019_09_25_07_47_26_150.jpg,0,0,0,14.62814
C:\Users\cttc\Desktop\drive data\IMG\center_2019_09_25_07_47_26_218.jpg,C:\Users\cttc\Desktop\drive data\IMG\left_2019_09_25_07_47_26_218.jpg,C:\Users\cttc\Desktop\drive data\IMG\right_2019_09_25_07_47_26_218.jpg,0,0,0,14.02369
C:\Users\cttc\Desktop\drive data\IMG\center_2019_09_25_07_47_26_296.jpg,C:\Users\cttc\Desktop\drive data\IMG\left_2019_09_25_07_47_26_296.jpg,C:\Users\cttc\Desktop\drive data\IMG\right_2019_09_25_07_47_26_296.jpg,0,0,0,13.89095
C:\Users\cttc\Desktop\drive data\IMG\center_2019_09_25_07_47_26_368.jpg,C:\Users\cttc\Desktop\drive data\IMG\left_2019_09_25_07_47_26_368.jpg,C:\Users\cttc\Desktop\drive data\IMG\right_2019_09_25_07_47_26_368.jpg,0,0,0,13.75634
C:\Users\cttc\Desktop\drive data\IMG\center_2019_09_25_07_47_26_517.jpg,C:\Users\cttc\Desktop\drive data\IMG\left_2019_09_25_07_47_26_517.jpg,C:\Users\cttc\Desktop\drive data\IMG\right_2019_09_25_07_47_26_517.jpg,0,0,0,14.11147
C:\Users\cttc\Desktop\drive data\IMG\center_2019_09_25_07_47_26_635.jpg,C:\Users\cttc\Desktop\drive data\IMG\left_2019_09_25_07_47_26_635.jpg,C:\Users\cttc\Desktop\drive data\IMG\right_2019_09_25_07_47_26_635.jpg,0,0,0,13.9265
C:\Users\cttc\Desktop\drive data\IMG\center_2019_09_25_07_47_26_703.jpg,C:\Users\cttc\Desktop\drive data\IMG\left_2019_09_25_07_47_26_703.jpg,C:\Users\cttc\Desktop\drive data\IMG\right_2019_09_25_07_47_26_703.jpg,0,0,0,13.27828
C:\Users\cttc\Desktop\drive data\IMG\center_2019_09_25_07_47_26_769.jpg,C:\Users\cttc\Desktop\drive data\IMG\left_2019_09_25_07_47_26_769.jpg,C:\Users\cttc\Desktop\drive data\IMG\right_2019_09_25_07_47_26_769.jpg,0,0,0,13.18471
C:\Users\cttc\Desktop\drive data\IMG\center_2019_09_25_07_47_26_835.jpg,C:\Users\cttc\Desktop\drive data\IMG\left_2019_09_25_07_47_26_835.jpg,C:\Users\cttc\Desktop\drive data\IMG\right_2019_09_25_07_47_26_835.jpg,0,0,0,13.66349
C:\Users\cttc\Desktop\drive data\IMG\center_2019_09_25_07_47_26_903.jpg,C:\Users\cttc\Desktop\drive data\IMG\left_2019_09_25_07_47_26_903.jpg,C:\Users\cttc\Desktop\drive data\IMG\right_2019_09_25_07_47_26_903.jpg,0,0,0,13.5185
C:\Users\cttc\Desktop\drive data\IMG\center_2019_09_25_07_47_26_973.jpg,C:\Users\cttc\Desktop\drive data\IMG\left_2019_09_25_07_47_26_973.jpg,C:\Users\cttc\Desktop\drive data\IMG\right_2019_09_25_07_47_26_973.jpg,0,0,0,12.88161
C:\Users\cttc\Desktop\drive data\IMG\center_2019_09_25_07_47_27_113.jpg,C:\Users\cttc\Desktop\drive data\IMG\left_2019_09_25_07_47_27_113.jpg,C:\Users\cttc\Desktop\drive data\IMG\right_2019_09_25_07_47_27_113.jpg,-0.2,0,0,13.23434
C:\Users\cttc\Desktop\drive data\IMG\center_2019_09_25_07_47_27_182.jpg,C:\Users\cttc\Desktop\drive data\IMG\left_2019_09_25_07_47_27_182.jpg,C:\Users\cttc\Desktop\drive data\IMG\right_2019_09_25_07_47_27_182.jpg,0,0.2121978,0,12.89043
C:\Users\cttc\Desktop\drive data\IMG\center_2019_09_25_07_47_27_249.jpg,C:\Users\cttc\Desktop\drive data\IMG\left_2019_09_25_07_47_27_249.jpg,C:\Users\cttc\Desktop\drive data\IMG\right_2019_09_25_07_47_27_249.jpg,0,0.4219395,0,13.28973
C:\Users\cttc\Desktop\drive data\IMG\center_2019_09_25_07_47_27_380.jpg,C:\Users\cttc\Desktop\drive data\IMG\left_2019_09_25_07_47_27_380.jpg,C:\Users\cttc\Desktop\drive data\IMG\right_2019_09_25_07_47_27_380.jpg,0,0.4122771,0,13.85477
C:\Users\cttc\Desktop\drive data\IMG\center_2019_09_25_07_47_27_450.jpg,C:\Users\cttc\Desktop\drive data\IMG\left_2019_09_25_07_47_27_450.jpg,C:\Users\cttc\Desktop\drive data\IMG\right_2019_09_25_07_47_27_450.jpg,0,0.6319323,0,14.21261
C:\Users\cttc\Desktop\drive data\IMG\center_2019_09_25_07_47_27_572.jpg,C:\Users\cttc\Desktop\drive data\IMG\left_2019_09_25_07_47_27_572.jpg,C:\Users\cttc\Desktop\drive data\IMG\right_2019_09_25_07_47_27_572.jpg,0,0.6037446,0,15.43005
C:\Users\cttc\Desktop\drive data\IMG\center_2019_09_25_07_47_27_648.jpg,C:\Users\cttc\Desktop\drive data\IMG\left_2019_09_25_07_47_27_648.jpg,C:\Users\cttc\Desktop\drive data\IMG\right_2019_09_25_07_47_27_648.jpg,0,0.4020738,0,15.55956
C:\Users\cttc\Desktop\drive data\IMG\center_2019_09_25_07_47_27_783.jpg,C:\Users\cttc\Desktop\drive data\IMG\left_2019_09_25_07_47_27_783.jpg,C:\Users\cttc\Desktop\drive data\IMG\right_2019_09_25_07_47_27_783.jpg,0,0.3843552,0,16.22807
C:\Users\cttc\Desktop\drive data\IMG\center_2019_09_25_07_47_27_853.jpg,C:\Users\cttc\Desktop\drive data\IMG\left_2019_09_25_07_47_27_853.jpg,C:\Users\cttc\Desktop\drive data\IMG\right_2019_09_25_07_47_27_853.jpg,0,0.1770408,0,16.15177
C:\Users\cttc\Desktop\drive data\IMG\center_2019_09_25_07_47_27_921.jpg,C:\Users\cttc\Desktop\drive data\IMG\left_2019_09_25_07_47_27_921.jpg,C:\Users\cttc\Desktop\drive data\IMG\right_2019_09_25_07_47_27_921.jpg,0,0,0,16.25827
C:\Users\cttc\Desktop\drive data\IMG\center_2019_09_25_07_47_27_978.jpg,C:\Users\cttc\Desktop\drive data\IMG\left_2019_09_25_07_47_27_978.jpg,C:\Users\cttc\Desktop\drive data\IMG\right_2019_09_25_07_47_27_978.jpg,0,0,0,16.12948
C:\Users\cttc\Desktop\drive data\IMG\center_2019_09_25_07_47_28_046.jpg,C:\Users\cttc\Desktop\drive data\IMG\left_2019_09_25_07_47_28_046.jpg,C:\Users\cttc\Desktop\drive data\IMG\right_2019_09_25_07_47_28_046.jpg,0,0,0,15.80307
C:\Users\cttc\Desktop\drive data\IMG\center_2019_09_25_07_47_28_117.jpg,C:\Users\cttc\Desktop\drive data\IMG\left_2019_09_25_07_47_28_117.jpg,C:\Users\cttc\Desktop\drive data\IMG\right_2019_09_25_07_47_28_117.jpg,0,0,0,15.67262
C:\Users\cttc\Desktop\drive data\IMG\center_2019_09_25_07_47_28_262.jpg,C:\Users\cttc\Desktop\drive data\IMG\left_2019_09_25_07_47_28_262.jpg,C:\Users\cttc\Desktop\drive data\IMG\right_2019_09_25_07_47_28_262.jpg,0,0,0,15.4793
C:\Users\cttc\Desktop\drive data\IMG\center_2019_09_25_07_47_28_334.jpg,C:\Users\cttc\Desktop\drive data\IMG\left_2019_09_25_07_47_28_334.jpg,C:\Users\cttc\Desktop\drive data\IMG\right_2019_09_25_07_47_28_334.jpg,0,0,0,15.35185
C:\Users\cttc\Desktop\drive data\IMG\center_2019_09_25_07_47_28_472.jpg,C:\Users\cttc\Desktop\drive data\IMG\left_2019_09_25_07_47_28_472.jpg,C:\Users\cttc\Desktop\drive data\IMG\right_2019_09_25_07_47_28_472.jpg,0,0,0,15.36984
C:\Users\cttc\Desktop\drive data\IMG\center_2019_09_25_07_47_28_536.jpg,C:\Users\cttc\Desktop\drive data\IMG\left_2019_09_25_07_47_28_536.jpg,C:\Users\cttc\Desktop\drive data\IMG\right_2019_09_25_07_47_28_536.jpg,0,0,0,15.04039
C:\Users\cttc\Desktop\drive data\IMG\center_2019_09_25_07_47_28_605.jpg,C:\Users\cttc\Desktop\drive data\IMG\left_2019_09_25_07_47_28_605.jpg,C:\Users\cttc\Desktop\drive data\IMG\right_2019_09_25_07_47_28_605.jpg,0,0,0,14.92203
C:\Users\cttc\Desktop\drive data\IMG\center_2019_09_25_07_47_28_674.jpg,C:\Users\cttc\Desktop\drive data\IMG\left_2019_09_25_07_47_28_674.jpg,C:\Users\cttc\Desktop\drive data\IMG\right_2019_09_25_07_47_28_674.jpg,0,0,0,15.07343
C:\Users\cttc\Desktop\drive data\IMG\center_2019_09_25_07_47_28_743.jpg,C:\Users\cttc\Desktop\drive data\IMG\left_2019_09_25_07_47_28_743.jpg,C:\Users\cttc\Desktop\drive data\IMG\right_2019_09_25_07_47_28_743.jpg,0,0,0,14.76573
C:\Users\cttc\Desktop\drive data\IMG\center_2019_09_25_07_47_28_817.jpg,C:\Users\cttc\Desktop\drive data\IMG\left_2019_09_25_07_47_28_817.jpg,C:\Users\cttc\Desktop\drive data\IMG\right_2019_09_25_07_47_28_817.jpg,0,0,0,14.64626
C:\Users\cttc\Desktop\drive data\IMG\center_2019_09_25_07_47_28_952.jpg,C:\Users\cttc\Desktop\drive data\IMG\left_2019_09_25_07_47_28_952.jpg,C:\Users\cttc\Desktop\drive data\IMG\right_2019_09_25_07_47_28_952.jpg,0,0,0,14.65806
C:\Users\cttc\Desktop\drive data\IMG\center_2019_09_25_07_47_29_021.jpg,C:\Users\cttc\Desktop\drive data\IMG\left_2019_09_25_07_47_29_021.jpg,C:\Users\cttc\Desktop\drive data\IMG\right_2019_09_25_07_47_29_021.jpg,0,0,0,14.35064
C:\Users\cttc\Desktop\drive data\IMG\center_2019_09_25_07_47_29_090.jpg,C:\Users\cttc\Desktop\drive data\IMG\left_2019_09_25_07_47_29_090.jpg,C:\Users\cttc\Desktop\drive data\IMG\right_2019_09_25_07_47_29_090.jpg,0,0,0,14.48078
C:\Users\cttc\Desktop\drive data\IMG\center_2019_09_25_07_47_29_158.jpg,C:\Users\cttc\Desktop\drive data\IMG\left_2019_09_25_07_47_29_158.jpg,C:\Users\cttc\Desktop\drive data\IMG\right_2019_09_25_07_47_29_158.jpg,0,0,0,14.36366
C:\Users\cttc\Desktop\drive data\IMG\center_2019_09_25_07_47_29_228.jpg,C:\Users\cttc\Desktop\drive data\IMG\left_2019_09_25_07_47_29_228.jpg,C:\Users\cttc\Desktop\drive data\IMG\right_2019_09_25_07_47_29_228.jpg,0,0,0,14.05843
C:\Users\cttc\Desktop\drive data\IMG\center_2019_09_25_07_47_29_296.jpg,C:\Users\cttc\Desktop\drive data\IMG\left_2019_09_25_07_47_29_296.jpg,C:\Users\cttc\Desktop\drive data\IMG\right_2019_09_25_07_47_29_296.jpg,0,0,0,13.94312
C:\Users\cttc\Desktop\drive data\IMG\center_2019_09_25_07_47_29_365.jpg,C:\Users\cttc\Desktop\drive data\IMG\left_2019_09_25_07_47_29_365.jpg,C:\Users\cttc\Desktop\drive data\IMG\right_2019_09_25_07_47_29_365.jpg,0,0,0,14.07463
C:\Users\cttc\Desktop\drive data\IMG\center_2019_09_25_07_47_29_428.jpg,C:\Users\cttc\Desktop\drive data\IMG\left_2019_09_25_07_47_29_428.jpg,C:\Users\cttc\Desktop\drive data\IMG\right_2019_09_25_07_47_29_428.jpg,0,0,0,13.96154
C:\Users\cttc\Desktop\drive data\IMG\center_2019_09_25_07_47_29_494.jpg,C:\Users\cttc\Desktop\drive data\IMG\left_2019_09_25_07_47_29_494.jpg,C:\Users\cttc\Desktop\drive data\IMG\right_2019_09_25_07_47_29_494.jpg,0,0,0,13.64468
C:\Users\cttc\Desktop\drive data\IMG\center_2019_09_25_07_47_29_564.jpg,C:\Users\cttc\Desktop\drive data\IMG\left_2019_09_25_07_47_29_564.jpg,C:\Users\cttc\Desktop\drive data\IMG\right_2019_09_25_07_47_29_564.jpg,0,0,0,13.4977
C:\Users\cttc\Desktop\drive data\IMG\center_2019_09_25_07_47_29_700.jpg,C:\Users\cttc\Desktop\drive data\IMG\left_2019_09_25_07_47_29_700.jpg,C:\Users\cttc\Desktop\drive data\IMG\right_2019_09_25_07_47_29_700.jpg,-0.15,0,0,13.38037
C:\Users\cttc\Desktop\drive data\IMG\center_2019_09_25_07_47_29_770.jpg,C:\Users\cttc\Desktop\drive data\IMG\left_2019_09_25_07_47_29_770.jpg,C:\Users\cttc\Desktop\drive data\IMG\right_2019_09_25_07_47_29_770.jpg,-0.35,0,0,13.17871
C:\Users\cttc\Desktop\drive data\IMG\center_2019_09_25_07_47_29_839.jpg,C:\Users\cttc\Desktop\drive data\IMG\left_2019_09_25_07_47_29_839.jpg,C:\Users\cttc\Desktop\drive data\IMG\right_2019_09_25_07_47_29_839.jpg,-0.5000001,0,0,13.30749
C:\Users\cttc\Desktop\drive data\IMG\center_2019_09_25_07_47_29_906.jpg,C:\Users\cttc\Desktop\drive data\IMG\left_2019_09_25_07_47_29_906.jpg,C:\Users\cttc\Desktop\drive data\IMG\right_2019_09_25_07_47_29_906.jpg,-0.7,0,0,13.10801
C:\Users\cttc\Desktop\drive data\IMG\center_2019_09_25_07_47_29_975.jpg,C:\Users\cttc\Desktop\drive data\IMG\left_2019_09_25_07_47_29_975.jpg,C:\Users\cttc\Desktop\drive data\IMG\right_2019_09_25_07_47_29_975.jpg,-0.8500001,0,0,12.63171
C:\Users\cttc\Desktop\drive data\IMG\center_2019_09_25_07_47_30_046.jpg,C:\Users\cttc\Desktop\drive data\IMG\left_2019_09_25_07_47_30_046.jpg,C:\Users\cttc\Desktop\drive data\IMG\right_2019_09_25_07_47_30_046.jpg,-1,0,0,12.4024
C:\Users\cttc\Desktop\drive data\IMG\center_2019_09_25_07_47_30_113.jpg,C:\Users\cttc\Desktop\drive data\IMG\left_2019_09_25_07_47_30_113.jpg,C:\Users\cttc\Desktop\drive data\IMG\right_2019_09_25_07_47_30_113.jpg,0,0,0,12.52907
C:\Users\cttc\Desktop\drive data\IMG\center_2019_09_25_07_47_30_247.jpg,C:\Users\cttc\Desktop\drive data\IMG\left_2019_09_25_07_47_30_247.jpg,C:\Users\cttc\Desktop\drive data\IMG\right_2019_09_25_07_47_30_247.jpg,0,0,0,12.08051
C:\Users\cttc\Desktop\drive data\IMG\center_2019_09_25_07_47_30_317.jpg,C:\Users\cttc\Desktop\drive data\IMG\left_2019_09_25_07_47_30_317.jpg,C:\Users\cttc\Desktop\drive data\IMG\right_2019_09_25_07_47_30_317.jpg,0,0,0,12.07303
C:\Users\cttc\Desktop\drive data\IMG\center_2019_09_25_07_47_30_389.jpg,C:\Users\cttc\Desktop\drive data\IMG\left_2019_09_25_07_47_30_389.jpg,C:\Users\cttc\Desktop\drive data\IMG\right_2019_09_25_07_47_30_389.jpg,0,0,0,11.91415
C:\Users\cttc\Desktop\drive data\IMG\center_2019_09_25_07_47_30_522.jpg,C:\Users\cttc\Desktop\drive data\IMG\left_2019_09_25_07_47_30_522.jpg,C:\Users\cttc\Desktop\drive data\IMG\right_2019_09_25_07_47_30_522.jpg,0,0,0,11.9328
C:\Users\cttc\Desktop\drive data\IMG\center_2019_09_25_07_47_30_658.jpg,C:\Users\cttc\Desktop\drive data\IMG\left_2019_09_25_07_47_30_658.jpg,C:\Users\cttc\Desktop\drive data\IMG\right_2019_09_25_07_47_30_658.jpg,0,0,0,11.59725
C:\Users\cttc\Desktop\drive data\IMG\center_2019_09_25_07_47_30_730.jpg,C:\Users\cttc\Desktop\drive data\IMG\left_2019_09_25_07_47_30_730.jpg,C:\Users\cttc\Desktop\drive data\IMG\right_2019_09_25_07_47_30_730.jpg,0,0,0,11.5408
C:\Users\cttc\Desktop\drive data\IMG\center_2019_09_25_07_47_30_860.jpg,C:\Users\cttc\Desktop\drive data\IMG\left_2019_09_25_07_47_30_860.jpg,C:\Users\cttc\Desktop\drive data\IMG\right_2019_09_25_07_47_30_860.jpg,0,0.2047743,0,11.52128
C:\Users\cttc\Desktop\drive data\IMG\center_2019_09_25_07_47_30_928.jpg,C:\Users\cttc\Desktop\drive data\IMG\left_2019_09_25_07_47_30_928.jpg,C:\Users\cttc\Desktop\drive data\IMG\right_2019_09_25_07_47_30_928.jpg,0,0.001340091,0,11.48013
C:\Users\cttc\Desktop\drive data\IMG\center_2019_09_25_07_47_30_996.jpg,C:\Users\cttc\Desktop\drive data\IMG\left_2019_09_25_07_47_30_996.jpg,C:\Users\cttc\Desktop\drive data\IMG\right_2019_09_25_07_47_30_996.jpg,0,0,0,11.44307
C:\Users\cttc\Desktop\drive data\IMG\center_2019_09_25_07_47_31_130.jpg,C:\Users\cttc\Desktop\drive data\IMG\left_2019_09_25_07_47_31_130.jpg,C:\Users\cttc\Desktop\drive data\IMG\right_2019_09_25_07_47_31_130.jpg,0,0.4013904,0,11.82962
C:\Users\cttc\Desktop\drive data\IMG\center_2019_09_25_07_47_31_202.jpg,C:\Users\cttc\Desktop\drive data\IMG\left_2019_09_25_07_47_31_202.jpg,C:\Users\cttc\Desktop\drive data\IMG\right_2019_09_25_07_47_31_202.jpg,0,0.1869681,0,11.96045
C:\Users\cttc\Desktop\drive data\IMG\center_2019_09_25_07_47_31_335.jpg,C:\Users\cttc\Desktop\drive data\IMG\left_2019_09_25_07_47_31_335.jpg,C:\Users\cttc\Desktop\drive data\IMG\right_2019_09_25_07_47_31_335.jpg,0,0,0,11.84131
C:\Users\cttc\Desktop\drive data\IMG\center_2019_09_25_07_47_31_407.jpg,C:\Users\cttc\Desktop\drive data\IMG\left_2019_09_25_07_47_31_407.jpg,C:\Users\cttc\Desktop\drive data\IMG\right_2019_09_25_07_47_31_407.jpg,0,0,0,11.56308
C:\Users\cttc\Desktop\drive data\IMG\center_2019_09_25_07_47_31_474.jpg,C:\Users\cttc\Desktop\drive data\IMG\left_2019_09_25_07_47_31_474.jpg,C:\Users\cttc\Desktop\drive data\IMG\right_2019_09_25_07_47_31_474.jpg,0,0,0,11.5174
C:\Users\cttc\Desktop\drive data\IMG\center_2019_09_25_07_47_31_541.jpg,C:\Users\cttc\Desktop\drive data\IMG\left_2019_09_25_07_47_31_541.jpg,C:\Users\cttc\Desktop\drive data\IMG\right_2019_09_25_07_47_31_541.jpg,0,0,0,11.46065
C:\Users\cttc\Desktop\drive data\IMG\center_2019_09_25_07_47_31_610.jpg,C:\Users\cttc\Desktop\drive data\IMG\left_2019_09_25_07_47_31_610.jpg,C:\Users\cttc\Desktop\drive data\IMG\right_2019_09_25_07_47_31_610.jpg,0,0,0,11.5184
C:\Users\cttc\Desktop\drive data\IMG\center_2019_09_25_07_47_31_677.jpg,C:\Users\cttc\Desktop\drive data\IMG\left_2019_09_25_07_47_31_677.jpg,C:\Users\cttc\Desktop\drive data\IMG\right_2019_09_25_07_47_31_677.jpg,0,0,0,11.25706
C:\Users\cttc\Desktop\drive data\IMG\center_2019_09_25_07_47_31_747.jpg,C:\Users\cttc\Desktop\drive data\IMG\left_2019_09_25_07_47_31_747.jpg,C:\Users\cttc\Desktop\drive data\IMG\right_2019_09_25_07_47_31_747.jpg,0,0,0,11.17426
C:\Users\cttc\Desktop\drive data\IMG\center_2019_09_25_07_47_31_813.jpg,C:\Users\cttc\Desktop\drive data\IMG\left_2019_09_25_07_47_31_813.jpg,C:\Users\cttc\Desktop\drive data\IMG\right_2019_09_25_07_47_31_813.jpg,0,0,0,11.1396
C:\Users\cttc\Desktop\drive data\IMG\center_2019_09_25_07_47_31_870.jpg,C:\Users\cttc\Desktop\drive data\IMG\left_2019_09_25_07_47_31_870.jpg,C:\Users\cttc\Desktop\drive data\IMG\right_2019_09_25_07_47_31_870.jpg,0,0,0,11.05002
C:\Users\cttc\Desktop\drive data\IMG\center_2019_09_25_07_47_31_938.jpg,C:\Users\cttc\Desktop\drive data\IMG\left_2019_09_25_07_47_31_938.jpg,C:\Users\cttc\Desktop\drive data\IMG\right_2019_09_25_07_47_31_938.jpg,0,0,0,10.98335
C:\Users\cttc\Desktop\drive data\IMG\center_2019_09_25_07_47_32_010.jpg,C:\Users\cttc\Desktop\drive data\IMG\left_2019_09_25_07_47_32_010.jpg,C:\Users\cttc\Desktop\drive data\IMG\right_2019_09_25_07_47_32_010.jpg,0,0,0,10.91707
C:\Users\cttc\Desktop\drive data\IMG\center_2019_09_25_07_47_32_080.jpg,C:\Users\cttc\Desktop\drive data\IMG\left_2019_09_25_07_47_32_080.jpg,C:\Users\cttc\Desktop\drive data\IMG\right_2019_09_25_07_47_32_080.jpg,0,0,0,10.82931
C:\Users\cttc\Desktop\drive data\IMG\center_2019_09_25_07_47_32_212.jpg,C:\Users\cttc\Desktop\drive data\IMG\left_2019_09_25_07_47_32_212.jpg,C:\Users\cttc\Desktop\drive data\IMG\right_2019_09_25_07_47_32_212.jpg,0,0,0,10.67743
C:\Users\cttc\Desktop\drive data\IMG\center_2019_09_25_07_47_32_348.jpg,C:\Users\cttc\Desktop\drive data\IMG\left_2019_09_25_07_47_32_348.jpg,C:\Users\cttc\Desktop\drive data\IMG\right_2019_09_25_07_47_32_348.jpg,0,0,0,10.54895
C:\Users\cttc\Desktop\drive data\IMG\center_2019_09_25_07_47_32_415.jpg,C:\Users\cttc\Desktop\drive data\IMG\left_2019_09_25_07_47_32_415.jpg,C:\Users\cttc\Desktop\drive data\IMG\right_2019_09_25_07_47_32_415.jpg,0,0,0,10.46416
C:\Users\cttc\Desktop\drive data\IMG\center_2019_09_25_07_47_32_482.jpg,C:\Users\cttc\Desktop\drive data\IMG\left_2019_09_25_07_47_32_482.jpg,C:\Users\cttc\Desktop\drive data\IMG\right_2019_09_25_07_47_32_482.jpg,0,0,0,10.40101
C:\Users\cttc\Desktop\drive data\IMG\center_2019_09_25_07_47_32_555.jpg,C:\Users\cttc\Desktop\drive data\IMG\left_2019_09_25_07_47_32_555.jpg,C:\Users\cttc\Desktop\drive data\IMG\right_2019_09_25_07_47_32_555.jpg,0,0,0,10.31741
C:\Users\cttc\Desktop\drive data\IMG\center_2019_09_25_07_47_32_686.jpg,C:\Users\cttc\Desktop\drive data\IMG\left_2019_09_25_07_47_32_686.jpg,C:\Users\cttc\Desktop\drive data\IMG\right_2019_09_25_07_47_32_686.jpg,0,0,0,10.19326
C:\Users\cttc\Desktop\drive data\IMG\center_2019_09_25_07_47_32_754.jpg,C:\Users\cttc\Desktop\drive data\IMG\left_2019_09_25_07_47_32_754.jpg,C:\Users\cttc\Desktop\drive data\IMG\right_2019_09_25_07_47_32_754.jpg,0,0,0,10.11133
C:\Users\cttc\Desktop\drive data\IMG\center_2019_09_25_07_47_32_822.jpg,C:\Users\cttc\Desktop\drive data\IMG\left_2019_09_25_07_47_32_822.jpg,C:\Users\cttc\Desktop\drive data\IMG\right_2019_09_25_07_47_32_822.jpg,0,0,0,10.05031
C:\Users\cttc\Desktop\drive data\IMG\center_2019_09_25_07_47_32_889.jpg,C:\Users\cttc\Desktop\drive data\IMG\left_2019_09_25_07_47_32_889.jpg,C:\Users\cttc\Desktop\drive data\IMG\right_2019_09_25_07_47_32_889.jpg,0,0,0,9.989659
C:\Users\cttc\Desktop\drive data\IMG\center_2019_09_25_07_47_32_957.jpg,C:\Users\cttc\Desktop\drive data\IMG\left_2019_09_25_07_47_32_957.jpg,C:\Users\cttc\Desktop\drive data\IMG\right_2019_09_25_07_47_32_957.jpg,0,0,0,9.909362
C:\Users\cttc\Desktop\drive data\IMG\center_2019_09_25_07_47_33_027.jpg,C:\Users\cttc\Desktop\drive data\IMG\left_2019_09_25_07_47_33_027.jpg,C:\Users\cttc\Desktop\drive data\IMG\right_2019_09_25_07_47_33_027.jpg,0,0.208308,0,9.984583
C:\Users\cttc\Desktop\drive data\IMG\center_2019_09_25_07_47_33_093.jpg,C:\Users\cttc\Desktop\drive data\IMG\left_2019_09_25_07_47_33_093.jpg,C:\Users\cttc\Desktop\drive data\IMG\right_2019_09_25_07_47_33_093.jpg,0,0.4105245,0,10.28687
C:\Users\cttc\Desktop\drive data\IMG\center_2019_09_25_07_47_33_161.jpg,C:\Users\cttc\Desktop\drive data\IMG\left_2019_09_25_07_47_33_161.jpg,C:\Users\cttc\Desktop\drive data\IMG\right_2019_09_25_07_47_33_161.jpg,0,0.6130299,0,10.65454
C:\Users\cttc\Desktop\drive data\IMG\center_2019_09_25_07_47_33_229.jpg,C:\Users\cttc\Desktop\drive data\IMG\left_2019_09_25_07_47_33_229.jpg,C:\Users\cttc\Desktop\drive data\IMG\right_2019_09_25_07_47_33_229.jpg,0,0.816912,0,11.1666
C:\Users\cttc\Desktop\drive data\IMG\center_2019_09_25_07_47_33_297.jpg,C:\Users\cttc\Desktop\drive data\IMG\left_2019_09_25_07_47_33_297.jpg,C:\Users\cttc\Desktop\drive data\IMG\right_2019_09_25_07_47_33_297.jpg,0,0.6123216,0,11.88213
C:\Users\cttc\Desktop\drive data\IMG\center_2019_09_25_07_47_33_380.jpg,C:\Users\cttc\Desktop\drive data\IMG\left_2019_09_25_07_47_33_380.jpg,C:\Users\cttc\Desktop\drive data\IMG\right_2019_09_25_07_47_33_380.jpg,0,0.3995871,0,11.85492
C:\Users\cttc\Desktop\drive data\IMG\center_2019_09_25_07_47_33_512.jpg,C:\Users\cttc\Desktop\drive data\IMG\left_2019_09_25_07_47_33_512.jpg,C:\Users\cttc\Desktop\drive data\IMG\right_2019_09_25_07_47_33_512.jpg,0,0.8089512,0,12.83404
C:\Users\cttc\Desktop\drive data\IMG\center_2019_09_25_07_47_33_651.jpg,C:\Users\cttc\Desktop\drive data\IMG\left_2019_09_25_07_47_33_651.jpg,C:\Users\cttc\Desktop\drive data\IMG\right_2019_09_25_07_47_33_651.jpg,0,0.4009554,0,13.54061
C:\Users\cttc\Desktop\drive data\IMG\center_2019_09_25_07_47_33_785.jpg,C:\Users\cttc\Desktop\drive data\IMG\left_2019_09_25_07_47_33_785.jpg,C:\Users\cttc\Desktop\drive data\IMG\right_2019_09_25_07_47_33_785.jpg,0,0.3868288,0,14.15048
C:\Users\cttc\Desktop\drive data\IMG\center_2019_09_25_07_47_33_857.jpg,C:\Users\cttc\Desktop\drive data\IMG\left_2019_09_25_07_47_33_857.jpg,C:\Users\cttc\Desktop\drive data\IMG\right_2019_09_25_07_47_33_857.jpg,0,0.1781011,0,14.38729
C:\Users\cttc\Desktop\drive data\IMG\center_2019_09_25_07_47_33_926.jpg,C:\Users\cttc\Desktop\drive data\IMG\left_2019_09_25_07_47_33_926.jpg,C:\Users\cttc\Desktop\drive data\IMG\right_2019_09_25_07_47_33_926.jpg,0,0.3884479,0,14.59432
C:\Users\cttc\Desktop\drive data\IMG\center_2019_09_25_07_47_34_057.jpg,C:\Users\cttc\Desktop\drive data\IMG\left_2019_09_25_07_47_34_057.jpg,C:\Users\cttc\Desktop\drive data\IMG\right_2019_09_25_07_47_34_057.jpg,0,0,0,14.6476
C:\Users\cttc\Desktop\drive data\IMG\center_2019_09_25_07_47_34_126.jpg,C:\Users\cttc\Desktop\drive data\IMG\left_2019_09_25_07_47_34_126.jpg,C:\Users\cttc\Desktop\drive data\IMG\right_2019_09_25_07_47_34_126.jpg,0,0.2078823,0,14.70722
C:\Users\cttc\Desktop\drive data\IMG\center_2019_09_25_07_47_34_194.jpg,C:\Users\cttc\Desktop\drive data\IMG\left_2019_09_25_07_47_34_194.jpg,C:\Users\cttc\Desktop\drive data\IMG\right_2019_09_25_07_47_34_194.jpg,0,0.00201571,0,14.32352
